kernel,variant,layoutB,pattern,m,k,n,density,threads,tileM,tileN,tileK,jblock,seed,run,seconds,gflops,nnz,cpnz,ai,bytes_est,bandwidth_GBps,p50_us,p95_us,p99_us,conv_seconds,freq_mhz,cycles_est,perf_task_clock_ms,perf_context_switches,perf_cpu_migrations,perf_page_faults
stream,scalar,row,uniform,1,1,1,1,1,0,0,0,0,123,0,0,0,0,0,0,0,31.9361,0,0,0,0,2400,0,0,0,0,0
gemm,scalar,row,uniform,1536,1536,1536,1,1,64,128,64,128,100,1,0.162681,44.5518,0,0,192,3.77487e+07,0.232041,162681,164897,165847,0,2400,3.90435e+08,0,0,0,0
gemm,simd,row,uniform,1536,1536,1536,1,1,64,128,64,128,100,1,0.197657,36.6683,0,0,192,3.77487e+07,0.190981,197657,205778,207517,0,2400,4.74378e+08,0,0,0,0
gemm,scalar,row,uniform,1536,1536,1536,1,1,64,128,64,128,100,2,0.164484,44.0636,0,0,192,3.77487e+07,0.229498,164484,171639,173728,0,2400,3.94761e+08,0,0,0,0
gemm,simd,row,uniform,1536,1536,1536,1,1,64,128,64,128,100,2,0.198411,36.529,0,0,192,3.77487e+07,0.190255,198411,204536,205824,0,2400,4.76187e+08,0,0,0,0
gemm,scalar,row,uniform,1536,1536,1536,1,1,64,128,64,128,100,3,0.169796,42.685,0,0,192,3.77487e+07,0.222318,169796,177269,177436,0,2400,4.07511e+08,0,0,0,0
gemm,simd,row,uniform,1536,1536,1536,1,1,64,128,64,128,100,3,0.205752,35.2256,0,0,192,3.77487e+07,0.183467,205752,229598,240022,0,2400,4.93806e+08,0,0,0,0
gemm,scalar,row,uniform,1536,1536,1536,1,2,64,128,64,128,100,1,0.0907685,79.8488,0,0,192,3.77487e+07,0.415879,90768.5,96644.5,97157,0,2400,2.17844e+08,0,0,0,0
gemm,simd,row,uniform,1536,1536,1536,1,2,64,128,64,128,100,1,0.118695,61.062,0,0,192,3.77487e+07,0.318031,118695,141372,142318,0,2400,2.84868e+08,0,0,0,0
gemm,scalar,row,uniform,1536,1536,1536,1,2,64,128,64,128,100,2,0.0996628,72.7228,0,0,192,3.77487e+07,0.378765,99662.8,105689,107226,0,2400,2.39191e+08,0,0,0,0
gemm,simd,row,uniform,1536,1536,1536,1,2,64,128,64,128,100,2,0.1183,61.266,0,0,192,3.77487e+07,0.319094,118300,141282,145705,0,2400,2.83919e+08,0,0,0,0
gemm,scalar,row,uniform,1536,1536,1536,1,2,64,128,64,128,100,3,0.103904,69.7547,0,0,192,3.77487e+07,0.363306,103904,127056,130663,0,2400,2.49368e+08,0,0,0,0
gemm,simd,row,uniform,1536,1536,1536,1,2,64,128,64,128,100,3,0.121564,59.6209,0,0,192,3.77487e+07,0.310525,121564,153590,161583,0,2400,2.91754e+08,0,0,0,0
gemm,scalar,row,uniform,1536,1536,1536,1,4,64,128,64,128,100,1,0.0543326,133.396,0,0,192,3.77487e+07,0.694771,54332.6,64992.8,68217.8,0,2400,1.30398e+08,0,0,0,0
gemm,simd,row,uniform,1536,1536,1536,1,4,64,128,64,128,100,1,0.0626333,115.717,0,0,192,3.77487e+07,0.602694,62633.3,89942.3,94878.6,0,2400,1.5032e+08,0,0,0,0
gemm,scalar,row,uniform,1536,1536,1536,1,4,64,128,64,128,100,2,0.0553596,130.921,0,0,192,3.77487e+07,0.681882,55359.6,71344.2,74846.1,0,2400,1.32863e+08,0,0,0,0
gemm,simd,row,uniform,1536,1536,1536,1,4,64,128,64,128,100,2,0.0694875,104.303,0,0,192,3.77487e+07,0.543245,69487.5,77601.9,78324.3,0,2400,1.6677e+08,0,0,0,0
gemm,scalar,row,uniform,1536,1536,1536,1,4,64,128,64,128,100,3,0.0538538,134.582,0,0,192,3.77487e+07,0.700949,53853.8,69935.6,70393.5,0,2400,1.29249e+08,0,0,0,0
gemm,simd,row,uniform,1536,1536,1536,1,4,64,128,64,128,100,3,0.0638769,113.464,0,0,192,3.77487e+07,0.590961,63876.9,78385.1,78522.5,0,2400,1.53305e+08,0,0,0,0
gemm,scalar,row,uniform,1536,1536,1536,1,8,64,128,64,128,100,1,0.042103,172.144,0,0,192,3.77487e+07,0.896581,42103,49545.4,51676.9,0,2400,1.01047e+08,0,0,0,0
gemm,simd,row,uniform,1536,1536,1536,1,8,64,128,64,128,100,1,0.0484025,149.739,0,0,192,3.77487e+07,0.779892,48402.5,54592.8,55017.2,0,2400,1.16166e+08,0,0,0,0
gemm,scalar,row,uniform,1536,1536,1536,1,8,64,128,64,128,100,2,0.0422512,171.54,0,0,192,3.77487e+07,0.893436,42251.2,46447.8,48051.9,0,2400,1.01403e+08,0,0,0,0
gemm,simd,row,uniform,1536,1536,1536,1,8,64,128,64,128,100,2,0.0519945,139.395,0,0,192,3.77487e+07,0.726015,51994.5,54299.6,54436.5,0,2400,1.24787e+08,0,0,0,0
gemm,scalar,row,uniform,1536,1536,1536,1,8,64,128,64,128,100,3,0.0427463,169.553,0,0,192,3.77487e+07,0.883088,42746.3,48600.9,49112,0,2400,1.02591e+08,0,0,0,0
gemm,simd,row,uniform,1536,1536,1536,1,8,64,128,64,128,100,3,0.048169,150.465,0,0,192,3.77487e+07,0.783673,48169,55631.9,56242.4,0,2400,1.15606e+08,0,0,0,0
gemm,scalar,row,uniform,1536,1536,1536,1,12,64,128,64,128,100,1,0.0390602,185.553,0,0,192,3.77487e+07,0.966424,39060.2,41584.2,42039.9,0,2400,9.37446e+07,0,0,0,0
gemm,simd,row,uniform,1536,1536,1536,1,12,64,128,64,128,100,1,0.0425674,170.265,0,0,192,3.77487e+07,0.886799,42567.4,45011.8,45457.8,0,2400,1.02162e+08,0,0,0,0
gemm,scalar,row,uniform,1536,1536,1536,1,12,64,128,64,128,100,2,0.0380923,190.268,0,0,192,3.77487e+07,0.990981,38092.3,40999.8,42527.2,0,2400,9.14215e+07,0,0,0,0
gemm,simd,row,uniform,1536,1536,1536,1,12,64,128,64,128,100,2,0.0445177,162.806,0,0,192,3.77487e+07,0.847949,44517.7,59316.2,63498.8,0,2400,1.06842e+08,0,0,0,0
gemm,scalar,row,uniform,1536,1536,1536,1,12,64,128,64,128,100,3,0.0374529,193.517,0,0,192,3.77487e+07,1.0079,37452.9,40967.7,41464.3,0,2400,8.9887e+07,0,0,0,0
gemm,simd,row,uniform,1536,1536,1536,1,12,64,128,64,128,100,3,0.0424721,170.647,0,0,192,3.77487e+07,0.888788,42472.1,46975.1,47187.8,0,2400,1.01933e+08,0,0,0,0
gemm,scalar,row,uniform,1536,1536,1536,1,16,64,128,64,128,100,1,0.0384614,188.442,0,0,192,3.77487e+07,0.981471,38461.4,49540.4,54014.7,0,2400,9.23073e+07,0,0,0,0
gemm,simd,row,uniform,1536,1536,1536,1,16,64,128,64,128,100,1,0.0422865,171.397,0,0,192,3.77487e+07,0.892691,42286.5,50725.1,59477.9,0,2400,1.01488e+08,0,0,0,0
gemm,scalar,row,uniform,1536,1536,1536,1,16,64,128,64,128,100,2,0.0383189,189.143,0,0,192,3.77487e+07,0.985122,38318.9,47630.9,50598.9,0,2400,9.19652e+07,0,0,0,0
gemm,simd,row,uniform,1536,1536,1536,1,16,64,128,64,128,100,2,0.0432283,167.662,0,0,192,3.77487e+07,0.873241,43228.3,47027.7,47156.3,0,2400,1.03748e+08,0,0,0,0
gemm,scalar,row,uniform,1536,1536,1536,1,16,64,128,64,128,100,3,0.0380666,190.397,0,0,192,3.77487e+07,0.99165,38066.6,43791.2,44435.1,0,2400,9.13598e+07,0,0,0,0
gemm,simd,row,uniform,1536,1536,1536,1,16,64,128,64,128,100,3,0.0418247,173.289,0,0,192,3.77487e+07,0.902546,41824.7,45414,46207,0,2400,1.00379e+08,0,0,0,0
spmm_csr,scalar,row,uniform,2048,2048,512,0.01,1,64,128,64,128,200,1,0.00920066,4.64318,41719,529.293,0.453685,9.41629e+07,10.2344,9188.63,10658.6,11847.1,0.00238382,2400,2.20816e+07,0,0,0,0
spmm_csr,simd,row,uniform,2048,2048,512,0.01,1,64,128,64,128,200,1,0.00151336,28.2287,41719,87.0602,0.453685,9.41629e+07,62.2211,1508.58,1771.02,2850.72,0.00234229,2400,3.63206e+06,0,0,0,0
spmm_csr,scalar,row,uniform,2048,2048,512,0.01,1,64,128,64,128,200,2,0.00901421,4.73921,41719,518.567,0.453685,9.41629e+07,10.446,8982.17,9907.18,12197.3,0.0024556,2400,2.16341e+07,0,0,0,0
spmm_csr,simd,row,uniform,2048,2048,512,0.01,1,64,128,64,128,200,2,0.00157364,27.1474,41719,90.528,0.453685,9.41629e+07,59.8376,1542.42,1805.19,2601.7,0.00235441,2400,3.77674e+06,0,0,0,0
spmm_csr,scalar,row,uniform,2048,2048,512,0.01,1,64,128,64,128,200,3,0.00903017,4.73084,41719,519.485,0.453685,9.41629e+07,10.4276,9029.47,10197.8,17583.7,0.00232167,2400,2.16724e+07,0,0,0,0
spmm_csr,simd,row,uniform,2048,2048,512,0.01,1,64,128,64,128,200,3,0.00147958,28.8733,41719,85.1168,0.453685,9.41629e+07,63.6417,1477.31,1707.79,2413.61,0.00252557,2400,3.55099e+06,0,0,0,0
spmm_csr,scalar,row,uniform,2048,2048,512,0.01,2,64,128,64,128,200,1,0.00579657,7.36992,41719,333.463,0.453685,9.41629e+07,16.2446,5405.21,9063.41,9099.31,0.0022712,2400,1.39118e+07,0,0,0,0
spmm_csr,simd,row,uniform,2048,2048,512,0.01,2,64,128,64,128,200,1,0.000754374,56.6301,41719,43.3974,0.453685,9.41629e+07,124.823,754.171,1542.14,1972.06,0.00242729,2400,1.8105e+06,0,0,0,0
spmm_csr,scalar,row,uniform,2048,2048,512,0.01,2,64,128,64,128,200,2,0.00455425,9.3803,41719,261.996,0.453685,9.41629e+07,20.6758,4552.6,7416.99,8388.24,0.00230175,2400,1.09302e+07,0,0,0,0
spmm_csr,simd,row,uniform,2048,2048,512,0.01,2,64,128,64,128,200,2,0.00076323,55.973,41719,43.9069,0.453685,9.41629e+07,123.374,759.221,1723.42,2098.27,0.00235941,2400,1.83175e+06,0,0,0,0
spmm_csr,scalar,row,uniform,2048,2048,512,0.01,2,64,128,64,128,200,3,0.0047259,9.0396,41719,271.87,0.453685,9.41629e+07,19.9249,4709.91,5123.56,5469.77,0.00250704,2400,1.13422e+07,0,0,0,0
spmm_csr,simd,row,uniform,2048,2048,512,0.01,2,64,128,64,128,200,3,0.000772208,55.3222,41719,44.4234,0.453685,9.41629e+07,121.94,771.326,924.334,1862.87,0.00278458,2400,1.8533e+06,0,0,0,0
spmm_csr,scalar,row,uniform,2048,2048,512,0.01,4,64,128,64,128,200,1,0.00237641,17.9768,41719,136.71,0.453685,9.41629e+07,39.624,2375.13,3505.69,3515.96,0.00259749,2400,5.70338e+06,0,0,0,0
spmm_csr,simd,row,uniform,2048,2048,512,0.01,4,64,128,64,128,200,1,0.000436457,97.8796,41719,25.1084,0.453685,9.41629e+07,215.744,435.517,520.475,1685.52,0.00228671,2400,1.0475e+06,0,0,0,0
spmm_csr,scalar,row,uniform,2048,2048,512,0.01,4,64,128,64,128,200,2,0.00324681,13.1576,41719,186.781,0.453685,9.41629e+07,29.0017,3181.94,4770.36,5587.79,0.00238751,2400,7.79233e+06,0,0,0,0
spmm_csr,simd,row,uniform,2048,2048,512,0.01,4,64,128,64,128,200,2,0.0004833,88.3928,41719,27.8032,0.453685,9.41629e+07,194.833,475.882,958.159,2156.07,0.00259528,2400,1.15992e+06,0,0,0,0
spmm_csr,scalar,row,uniform,2048,2048,512,0.01,4,64,128,64,128,200,3,0.00243463,17.5469,41719,140.059,0.453685,9.41629e+07,38.6765,2434.48,3998.27,4331.68,0.00233959,2400,5.84311e+06,0,0,0,0
spmm_csr,simd,row,uniform,2048,2048,512,0.01,4,64,128,64,128,200,3,0.00044118,96.8318,41719,25.3801,0.453685,9.41629e+07,213.434,440.763,972.381,1648.39,0.00260506,2400,1.05883e+06,0,0,0,0
spmm_csr,scalar,row,uniform,2048,2048,512,0.01,8,64,128,64,128,200,1,0.00228208,18.7199,41719,131.283,0.453685,9.41629e+07,41.2619,2256.1,2558.33,3241.63,0.00254497,2400,5.47699e+06,0,0,0,0
spmm_csr,simd,row,uniform,2048,2048,512,0.01,8,64,128,64,128,200,1,0.000540164,79.0876,41719,31.0744,0.453685,9.41629e+07,174.323,536.966,1041.57,2068.59,0.00239079,2400,1.29639e+06,0,0,0,0
spmm_csr,scalar,row,uniform,2048,2048,512,0.01,8,64,128,64,128,200,2,0.00241529,17.6875,41719,138.946,0.453685,9.41629e+07,38.9862,2401.64,2755.63,3911.14,0.00257985,2400,5.79669e+06,0,0,0,0
spmm_csr,simd,row,uniform,2048,2048,512,0.01,8,64,128,64,128,200,2,0.000637656,66.9958,41719,36.6829,0.453685,9.41629e+07,147.67,636.976,872.413,2067.15,0.002567,2400,1.53037e+06,0,0,0,0
spmm_csr,scalar,row,uniform,2048,2048,512,0.01,8,64,128,64,128,200,3,0.0025697,16.6246,41719,147.829,0.453685,9.41629e+07,36.6436,2558.5,3711.79,4105.87,0.00263007,2400,6.16727e+06,0,0,0,0
spmm_csr,simd,row,uniform,2048,2048,512,0.01,8,64,128,64,128,200,3,0.000575411,74.243,41719,33.1021,0.453685,9.41629e+07,163.645,571.372,762.173,1964.87,0.00295335,2400,1.38099e+06,0,0,0,0
spmm_csr,scalar,row,uniform,2048,2048,512,0.01,12,64,128,64,128,200,1,0.00175809,24.2992,41719,101.139,0.453685,9.41629e+07,53.5597,1749.75,2976.88,3524.19,0.00263225,2400,4.21942e+06,0,0,0,0
spmm_csr,simd,row,uniform,2048,2048,512,0.01,12,64,128,64,128,200,1,0.00049508,86.2896,41719,28.4808,0.453685,9.41629e+07,190.197,492.86,661.554,1907.54,0.00271705,2400,1.18819e+06,0,0,0,0
spmm_csr,scalar,row,uniform,2048,2048,512,0.01,12,64,128,64,128,200,2,0.00181625,23.5212,41719,104.485,0.453685,9.41629e+07,51.8448,1793.76,3165.25,3602.19,0.00241663,2400,4.35899e+06,0,0,0,0
spmm_csr,simd,row,uniform,2048,2048,512,0.01,12,64,128,64,128,200,2,0.00044452,96.1042,41719,25.5722,0.453685,9.41629e+07,211.83,443.698,647.108,2084.75,0.00270407,2400,1.06685e+06,0,0,0,0
spmm_csr,scalar,row,uniform,2048,2048,512,0.01,12,64,128,64,128,200,3,0.00188114,22.7098,41719,108.218,0.453685,9.41629e+07,50.0564,1875.22,11181.8,13305.5,0.00315181,2400,4.51473e+06,0,0,0,0
spmm_csr,simd,row,uniform,2048,2048,512,0.01,12,64,128,64,128,200,3,0.000479908,89.0176,41719,27.608,0.453685,9.41629e+07,196.21,476.308,669.434,1977.68,0.00235856,2400,1.15178e+06,0,0,0,0
spmm_csr,scalar,row,uniform,2048,2048,512,0.01,16,64,128,64,128,200,1,0.00132312,32.2874,41719,76.1164,0.453685,9.41629e+07,71.167,1322.6,2985.94,3912.08,0.00223582,2400,3.1755e+06,0,0,0,0
spmm_csr,simd,row,uniform,2048,2048,512,0.01,16,64,128,64,128,200,1,0.000424728,100.583,41719,24.4336,0.453685,9.41629e+07,221.702,422.819,667.77,2227.51,0.00249758,2400,1.01935e+06,0,0,0,0
spmm_csr,scalar,row,uniform,2048,2048,512,0.01,16,64,128,64,128,200,2,0.001283,33.2971,41719,73.8082,0.453685,9.41629e+07,73.3927,1282.04,1865.77,3486.44,0.00272836,2400,3.0792e+06,0,0,0,0
spmm_csr,simd,row,uniform,2048,2048,512,0.01,16,64,128,64,128,200,2,0.000449438,95.0526,41719,25.8552,0.453685,9.41629e+07,209.512,443.031,1113.91,2069.99,0.00253772,2400,1.07865e+06,0,0,0,0
spmm_csr,scalar,row,uniform,2048,2048,512,0.01,16,64,128,64,128,200,3,0.00143058,29.8622,41719,82.2981,0.453685,9.41629e+07,65.8214,1430.01,2641.68,3700.35,0.00268867,2400,3.43339e+06,0,0,0,0
spmm_csr,simd,row,uniform,2048,2048,512,0.01,16,64,128,64,128,200,3,0.000479096,89.1685,41719,27.5613,0.453685,9.41629e+07,196.543,477.977,1063.64,2251.63,0.00228729,2400,1.14983e+06,0,0,0,0
spmm_csr,simd,row,uniform,2048,2048,512,0.001,8,64,128,64,128,300,1,0.00028214,16.1944,4462,151.756,0.260162,1.75625e+07,62.2474,275.003,447.985,1608.86,0.000440822,2400,677136,0,0,0,0
gemm,simd,row,uniform,2048,2048,512,1,8,64,128,64,128,300,1,0.0300868,142.752,0,0,146.286,2.93601e+07,0.975846,30086.8,32421.4,32443.6,0,2400,7.22084e+07,0,0,0,0
spmm_csr,simd,row,uniform,2048,2048,512,0.001,8,64,128,64,128,300,2,0.000258325,17.6874,4462,138.947,0.260162,1.75625e+07,67.986,253.857,489.592,1572.37,0.000393555,2400,619980,0,0,0,0
gemm,simd,row,uniform,2048,2048,512,1,8,64,128,64,128,300,2,0.0308312,139.306,0,0,146.286,2.93601e+07,0.952285,30831.2,32645.7,32830.6,0,2400,7.39949e+07,0,0,0,0
spmm_csr,simd,row,uniform,2048,2048,512,0.001,8,64,128,64,128,300,3,0.00018109,25.231,4462,97.4039,0.260162,1.75625e+07,96.9821,179.286,288.44,1436.03,0.000585328,2400,434616,0,0,0,0
gemm,simd,row,uniform,2048,2048,512,1,8,64,128,64,128,300,3,0.0296398,144.906,0,0,146.286,2.93601e+07,0.990565,29639.8,31335.7,31890.2,0,2400,7.11355e+07,0,0,0,0
spmm_csr,simd,row,uniform,2048,2048,512,0.002,8,64,128,64,128,300,1,0.00027289,31.6105,8424,77.7464,0.33554,2.57084e+07,94.2077,272.537,609.038,1599.89,0.000609741,2400,654936,0,0,0,0
gemm,simd,row,uniform,2048,2048,512,1,8,64,128,64,128,300,1,0.0309128,138.938,0,0,146.286,2.93601e+07,0.949772,30912.8,34219.1,34335,0,2400,7.41908e+07,0,0,0,0
spmm_csr,simd,row,uniform,2048,2048,512,0.002,8,64,128,64,128,300,2,0.00019498,44.2413,8424,55.5499,0.33554,2.57084e+07,131.851,194.865,351.75,1536.57,0.000662143,2400,467952,0,0,0,0
gemm,simd,row,uniform,2048,2048,512,1,8,64,128,64,128,300,2,0.0298146,144.056,0,0,146.286,2.93601e+07,0.984757,29814.6,32506.2,34850,0,2400,7.1555e+07,0,0,0,0
spmm_csr,simd,row,uniform,2048,2048,512,0.002,8,64,128,64,128,300,3,0.000173241,49.7929,8424,49.3564,0.33554,2.57084e+07,148.396,170.301,451.061,1507.06,0.000921858,2400,415778,0,0,0,0
gemm,simd,row,uniform,2048,2048,512,1,8,64,128,64,128,300,3,0.0307638,139.611,0,0,146.286,2.93601e+07,0.954371,30763.8,32130.2,32638.6,0,2400,7.38332e+07,0,0,0,0
spmm_csr,simd,row,uniform,2048,2048,512,0.005,8,64,128,64,128,300,1,0.000323685,66.185,20921,37.1323,0.416774,5.14022e+07,158.803,322.033,754.79,1741.85,0.00157932,2400,776844,0,0,0,0
gemm,simd,row,uniform,2048,2048,512,1,8,64,128,64,128,300,1,0.0297638,144.302,0,0,146.286,2.93601e+07,0.986436,29763.8,32563.1,33149,0,2400,7.14332e+07,0,0,0,0
spmm_csr,simd,row,uniform,2048,2048,512,0.005,8,64,128,64,128,300,2,0.000384322,55.7426,20921,44.0884,0.416774,5.14022e+07,133.748,381.088,2277.64,4336.3,0.00150239,2400,922373,0,0,0,0
gemm,simd,row,uniform,2048,2048,512,1,8,64,128,64,128,300,2,0.0294567,145.806,0,0,146.286,2.93601e+07,0.996722,29456.7,32228,32563.7,0,2400,7.0696e+07,0,0,0,0
spmm_csr,simd,row,uniform,2048,2048,512,0.005,8,64,128,64,128,300,3,0.00037199,57.5905,20921,42.6737,0.416774,5.14022e+07,138.182,369.05,617.316,1704.12,0.00135948,2400,892776,0,0,0,0
gemm,simd,row,uniform,2048,2048,512,1,8,64,128,64,128,300,3,0.0309958,138.566,0,0,146.286,2.93601e+07,0.94723,30995.8,34154.4,34807.7,0,2400,7.43899e+07,0,0,0,0
spmm_csr,simd,row,uniform,2048,2048,512,0.01,8,64,128,64,128,300,1,0.000525472,81.3514,41746,30.2097,0.453711,9.42184e+07,179.302,522.928,872.173,2195.11,0.00259008,2400,1.26113e+06,0,0,0,0
gemm,simd,row,uniform,2048,2048,512,1,8,64,128,64,128,300,1,0.0300588,142.886,0,0,146.286,2.93601e+07,0.976758,30058.8,31400.2,31415.1,0,2400,7.2141e+07,0,0,0,0
spmm_csr,simd,row,uniform,2048,2048,512,0.01,8,64,128,64,128,300,2,0.000573256,74.5704,41746,32.9568,0.453711,9.42184e+07,164.357,571.919,1360.38,1980.13,0.00246563,2400,1.37581e+06,0,0,0,0
gemm,simd,row,uniform,2048,2048,512,1,8,64,128,64,128,300,2,0.0300552,142.903,0,0,146.286,2.93601e+07,0.976874,30055.2,31676.2,32147.1,0,2400,7.21325e+07,0,0,0,0
spmm_csr,simd,row,uniform,2048,2048,512,0.01,8,64,128,64,128,300,3,0.000519028,82.3615,41746,29.8392,0.453711,9.42184e+07,181.529,516.111,997.883,1932.64,0.00280988,2400,1.24567e+06,0,0,0,0
gemm,simd,row,uniform,2048,2048,512,1,8,64,128,64,128,300,3,0.0303799,141.375,0,0,146.286,2.93601e+07,0.966433,30379.9,32337.7,33359.4,0,2400,7.29117e+07,0,0,0,0
spmm_csr,simd,row,uniform,2048,2048,512,0.02,8,64,128,64,128,300,1,0.000888489,95.7282,83060,25.6727,0.474735,1.7916e+08,201.646,884.169,1509.32,2453.31,0.00482074,2400,2.13237e+06,0,0,0,0
gemm,simd,row,uniform,2048,2048,512,1,8,64,128,64,128,300,1,0.0311358,137.943,0,0,146.286,2.93601e+07,0.94297,31135.8,34047.6,35188.4,0,2400,7.47259e+07,0,0,0,0
spmm_csr,simd,row,uniform,2048,2048,512,0.02,8,64,128,64,128,300,2,0.00125959,67.5248,83060,36.3955,0.474735,1.7916e+08,142.237,1247.22,2600.58,2950.59,0.0044391,2400,3.02301e+06,0,0,0,0
gemm,simd,row,uniform,2048,2048,512,1,8,64,128,64,128,300,2,0.0304858,140.884,0,0,146.286,2.93601e+07,0.963077,30485.8,33227.8,33385.3,0,2400,7.31658e+07,0,0,0,0
spmm_csr,simd,row,uniform,2048,2048,512,0.02,8,64,128,64,128,300,3,0.000988398,86.0518,83060,28.5595,0.474735,1.7916e+08,181.263,979.243,1271.73,2381.49,0.0049384,2400,2.37216e+06,0,0,0,0
gemm,simd,row,uniform,2048,2048,512,1,8,64,128,64,128,300,3,0.0303936,141.312,0,0,146.286,2.93601e+07,0.965997,30393.6,32727.3,33403.3,0,2400,7.29446e+07,0,0,0,0
spmm_csr,simd,row,uniform,2048,2048,512,0.05,8,64,128,64,128,300,1,0.00244699,85.5782,204501,28.7176,0.488312,4.28843e+08,175.253,2442.35,2834.09,3804.09,0.00981877,2400,5.87277e+06,0,0,0,0
gemm,simd,row,uniform,2048,2048,512,1,8,64,128,64,128,300,1,0.031115,138.035,0,0,146.286,2.93601e+07,0.943601,31115,32873.6,33173.5,0,2400,7.4676e+07,0,0,0,0
spmm_csr,simd,row,uniform,2048,2048,512,0.05,8,64,128,64,128,300,2,0.00215178,97.319,204501,25.253,0.488312,4.28843e+08,199.297,2136.17,3261.27,3754.42,0.0105829,2400,5.16427e+06,0,0,0,0
gemm,simd,row,uniform,2048,2048,512,1,8,64,128,64,128,300,2,0.0300601,142.879,0,0,146.286,2.93601e+07,0.976714,30060.1,33425.4,35314.1,0,2400,7.21442e+07,0,0,0,0
spmm_csr,simd,row,uniform,2048,2048,512,0.05,8,64,128,64,128,300,3,0.00209266,100.068,204501,24.5592,0.488312,4.28843e+08,204.927,2075.68,3174.76,3782.76,0.00999246,2400,5.02239e+06,0,0,0,0
gemm,simd,row,uniform,2048,2048,512,1,8,64,128,64,128,300,3,0.0314013,136.777,0,0,146.286,2.93601e+07,0.934999,31401.3,33233.9,34010.1,0,2400,7.5363e+07,0,0,0,0
spmm_csr,simd,row,uniform,2048,2048,512,0.1,8,64,128,64,128,300,1,0.00400239,102.086,399011,24.0739,0.493013,8.28755e+08,207.065,3997.37,4413.74,6219.26,0.0204091,2400,9.60575e+06,0,0,0,0
gemm,simd,row,uniform,2048,2048,512,1,8,64,128,64,128,300,1,0.0308913,139.035,0,0,146.286,2.93601e+07,0.950434,30891.3,32811,33887,0,2400,7.41391e+07,0,0,0,0
spmm_csr,simd,row,uniform,2048,2048,512,0.1,8,64,128,64,128,300,2,0.00452669,90.2617,399011,27.2275,0.493013,8.28755e+08,183.082,4453.07,6482.16,9011.29,0.0198958,2400,1.08641e+07,0,0,0,0
gemm,simd,row,uniform,2048,2048,512,1,8,64,128,64,128,300,2,0.0312198,137.572,0,0,146.286,2.93601e+07,0.940433,31219.8,32884.7,32936.3,0,2400,7.49275e+07,0,0,0,0
spmm_csr,simd,row,uniform,2048,2048,512,0.1,8,64,128,64,128,300,3,0.00419836,97.3206,399011,25.2526,0.493013,8.28755e+08,197.4,4170.98,5287.43,6356.61,0.0201384,2400,1.00761e+07,0,0,0,0
gemm,simd,row,uniform,2048,2048,512,1,8,64,128,64,128,300,3,0.0314073,136.75,0,0,146.286,2.93601e+07,0.934817,31407.3,34460.5,34817.1,0,2400,7.53776e+07,0,0,0,0
spmm_csr,simd,row,uniform,2048,2048,512,0.2,8,64,128,64,128,300,1,0.0080178,97.063,759992,25.3196,0.495395,1.57093e+09,195.93,8002.89,9512.79,9516.98,0.0414963,2400,1.92427e+07,0,0,0,0
gemm,simd,row,uniform,2048,2048,512,1,8,64,128,64,128,300,1,0.0308677,139.141,0,0,146.286,2.93601e+07,0.951159,30867.7,32535.3,32607.2,0,2400,7.40826e+07,0,0,0,0
spmm_csr,simd,row,uniform,2048,2048,512,0.2,8,64,128,64,128,300,2,0.00808618,96.2422,759992,25.5356,0.495395,1.57093e+09,194.274,8072.21,9829.22,11958,0.0422152,2400,1.94068e+07,0,0,0,0
gemm,simd,row,uniform,2048,2048,512,1,8,64,128,64,128,300,2,0.0304961,140.836,0,0,146.286,2.93601e+07,0.962749,30496.1,32718.6,32818.9,0,2400,7.31907e+07,0,0,0,0
spmm_csr,simd,row,uniform,2048,2048,512,0.2,8,64,128,64,128,300,3,0.0080393,96.8034,759992,25.3875,0.495395,1.57093e+09,195.407,8000.73,9364.56,10157,0.0529273,2400,1.92943e+07,0,0,0,0
gemm,simd,row,uniform,2048,2048,512,1,8,64,128,64,128,300,3,0.030429,141.147,0,0,146.286,2.93601e+07,0.964873,30429,33129.1,34179.1,0,2400,7.30296e+07,0,0,0,0
spmm_csr,simd,row,uniform,2048,2048,512,0.5,8,64,128,64,128,300,1,0.0186656,90.5126,1649879,27.152,0.496826,3.40054e+09,182.182,18661.9,19952.5,20185.3,0.116484,2400,4.47975e+07,0,0,0,0
gemm,simd,row,uniform,2048,2048,512,1,8,64,128,64,128,300,1,0.0300888,142.743,0,0,146.286,2.93601e+07,0.975783,30088.8,32648,33206.6,0,2400,7.22131e+07,0,0,0,0
spmm_csr,simd,row,uniform,2048,2048,512,0.5,8,64,128,64,128,300,2,0.0191322,88.3054,1649879,27.8307,0.496826,3.40054e+09,177.739,19127.8,20752.3,20806.6,0.114925,2400,4.59173e+07,0,0,0,0
gemm,simd,row,uniform,2048,2048,512,1,8,64,128,64,128,300,2,0.0305815,140.443,0,0,146.286,2.93601e+07,0.960062,30581.5,33254.5,33265.1,0,2400,7.33956e+07,0,0,0,0
spmm_csr,simd,row,uniform,2048,2048,512,0.5,8,64,128,64,128,300,3,0.0193576,87.2773,1649879,28.1585,0.496826,3.40054e+09,175.67,19133.2,20033.9,20123.4,0.113195,2400,4.64582e+07,0,0,0,0
gemm,simd,row,uniform,2048,2048,512,1,8,64,128,64,128,300,3,0.0305185,140.733,0,0,146.286,2.93601e+07,0.962045,30518.5,31635.9,31853.8,0,2400,7.32443e+07,0,0,0,0
gemm,simd,row,uniform,256,256,256,1,8,64,128,64,128,400,1,0.00022656,148.104,0,0,32,1.04858e+06,4.62825,226.56,434.935,610.15,0,2400,543744,0,0,0,0
spmm_csr,simd,row,uniform,256,256,256,0.01,8,64,128,64,128,400,1,1.8769e-05,18.5497,680,66.2435,0.283969,1.22605e+06,65.323,18.1835,48.8357,340.914,6.1753e-05,2400,45045.6,0,0,0,0
gemm,simd,row,uniform,256,256,256,1,8,64,128,64,128,400,2,0.000222446,150.843,0,0,32,1.04858e+06,4.71385,222.446,427.283,636.35,0,2400,533870,0,0,0,0
spmm_csr,simd,row,uniform,256,256,256,0.01,8,64,128,64,128,400,2,2.8559e-05,12.1909,680,100.796,0.283969,1.22605e+06,42.9304,28.303,75.5213,431.753,5.6323e-05,2400,68541.6,0,0,0,0
gemm,simd,row,uniform,256,256,256,1,8,64,128,64,128,400,3,0.000221367,151.578,0,0,32,1.04858e+06,4.73682,221.367,396.575,685.294,0,2400,531281,0,0,0,0
spmm_csr,simd,row,uniform,256,256,256,0.01,8,64,128,64,128,400,3,1.9771e-05,17.6096,680,69.78,0.283969,1.22605e+06,62.0124,19.756,52.0051,394.827,6.5167e-05,2400,47450.4,0,0,0,0
gemm,simd,row,uniform,512,512,512,1,8,64,128,64,128,400,1,0.00224794,119.414,0,0,64,4.1943e+06,1.86584,2247.94,2811.66,2989.8,0,2400,5.39506e+06,0,0,0,0
spmm_csr,simd,row,uniform,512,512,256,0.01,8,64,128,64,128,400,1,4.7198e-05,28.3456,2613,43.3506,0.35722,3.74519e+06,79.3507,43.6545,130.947,539.133,0.000291791,2400,113275,0,0,0,0
gemm,simd,row,uniform,512,512,512,1,8,64,128,64,128,400,2,0.00210831,127.322,0,0,64,4.1943e+06,1.98941,2108.31,2674.63,2706.23,0,2400,5.05995e+06,0,0,0,0
spmm_csr,simd,row,uniform,512,512,256,0.01,8,64,128,64,128,400,2,3.1517e-05,42.4487,2613,28.9479,0.35722,3.74519e+06,118.831,31.496,82.8689,514.518,0.000193081,2400,75640.8,0,0,0,0
gemm,simd,row,uniform,512,512,512,1,8,64,128,64,128,400,3,0.00219236,122.441,0,0,64,4.1943e+06,1.91315,2192.36,4397.31,7595.13,0,2400,5.26166e+06,0,0,0,0
spmm_csr,simd,row,uniform,512,512,256,0.01,8,64,128,64,128,400,3,2.914e-05,45.9113,2613,26.7646,0.35722,3.74519e+06,128.524,29.1315,72.3351,480.836,0.000189897,2400,69936,0,0,0,0
gemm,simd,row,uniform,768,768,768,1,8,64,128,64,128,400,1,0.00801445,113.042,0,0,96,9.43718e+06,1.17752,8014.45,9508.22,10079.8,0,2400,1.92347e+07,0,0,0,0
spmm_csr,simd,row,uniform,768,768,256,0.01,8,64,128,64,128,400,1,5.8084e-05,51.7342,5869,23.7522,0.393848,7.62967e+06,131.356,55.059,101.684,551.872,0.000506092,2400,139402,0,0,0,0
gemm,simd,row,uniform,768,768,768,1,8,64,128,64,128,400,2,0.0081336,111.386,0,0,96,9.43718e+06,1.16027,8133.6,9769.03,11218.7,0,2400,1.95206e+07,0,0,0,0
spmm_csr,simd,row,uniform,768,768,256,0.01,8,64,128,64,128,400,2,5.1492e-05,58.3572,5869,21.0565,0.393848,7.62967e+06,148.172,51.461,139.285,626.252,0.00039186,2400,123581,0,0,0,0
gemm,simd,row,uniform,768,768,768,1,8,64,128,64,128,400,3,0.00686594,131.951,0,0,96,9.43718e+06,1.37449,6865.94,11661.3,12364.4,0,2400,1.64783e+07,0,0,0,0
spmm_csr,simd,row,uniform,768,768,256,0.01,8,64,128,64,128,400,3,5.222e-05,57.5436,5869,21.3542,0.393848,7.62967e+06,146.106,52.192,135.911,701.152,0.000563149,2400,125328,0,0,0,0
gemm,simd,row,uniform,1024,1024,1024,1,8,64,128,64,128,400,1,0.0160294,133.971,0,0,128,1.67772e+07,1.04665,16029.4,18059.4,18782.7,0,2400,3.84706e+07,0,0,0,0
spmm_csr,simd,row,uniform,1024,1024,256,0.01,8,64,128,64,128,400,1,7.5033e-05,71.1435,10426,17.2721,0.415198,1.28568e+07,171.348,74.9705,121.931,648.144,0.000630685,2400,180079,0,0,0,0
gemm,simd,row,uniform,1024,1024,1024,1,8,64,128,64,128,400,2,0.0167795,127.982,0,0,128,1.67772e+07,0.999862,16779.5,18767.4,18877,0,2400,4.02709e+07,0,0,0,0
spmm_csr,simd,row,uniform,1024,1024,256,0.01,8,64,128,64,128,400,2,7.8361e-05,68.1221,10426,18.0382,0.415198,1.28568e+07,164.071,78.3375,958.598,1690.7,0.000988014,2400,188066,0,0,0,0
gemm,simd,row,uniform,1024,1024,1024,1,8,64,128,64,128,400,3,0.0160454,133.838,0,0,128,1.67772e+07,1.04561,16045.4,17698.9,17834.5,0,2400,3.85089e+07,0,0,0,0
spmm_csr,simd,row,uniform,1024,1024,256,0.01,8,64,128,64,128,400,3,8.2948e-05,64.3549,10426,19.0941,0.415198,1.28568e+07,154.998,82.566,166.855,643.275,0.000706251,2400,199075,0,0,0,0
gemm,simd,row,uniform,1536,1536,1536,1,8,64,128,64,128,400,1,0.0522892,138.609,0,0,192,3.77487e+07,0.721923,52289.2,57745.3,57872.2,0,2400,1.25494e+08,0,0,0,0
spmm_csr,simd,row,uniform,1536,1536,256,0.01,8,64,128,64,128,400,1,0.000149801,80.2208,23471,15.3177,0.439098,2.73678e+07,182.694,147.895,235.582,921.749,0.00183871,2400,359522,0,0,0,0
gemm,simd,row,uniform,1536,1536,1536,1,8,64,128,64,128,400,2,0.0507876,142.707,0,0,192,3.77487e+07,0.743266,50787.6,58510.5,58804.2,0,2400,1.2189e+08,0,0,0,0
spmm_csr,simd,row,uniform,1536,1536,256,0.01,8,64,128,64,128,400,2,0.000160468,74.8882,23471,16.4085,0.439098,2.73678e+07,170.55,160.094,376.162,969.246,0.00140446,2400,385123,0,0,0,0
gemm,simd,row,uniform,1536,1536,1536,1,8,64,128,64,128,400,3,0.0519338,139.558,0,0,192,3.77487e+07,0.726862,51933.8,57039.2,57422.5,0,2400,1.24641e+08,0,0,0,0
spmm_csr,simd,row,uniform,1536,1536,256,0.01,8,64,128,64,128,400,3,0.000156058,77.0044,23471,15.9575,0.439098,2.73678e+07,175.369,155.937,320.286,765.556,0.00131885,2400,374539,0,0,0,0
gemm,simd,row,uniform,2048,2048,2048,1,8,64,128,64,128,400,1,0.122866,139.826,0,0,256,6.71089e+07,0.546197,122866,128863,132134,0,2400,2.94878e+08,0,0,0,0
spmm_csr,simd,row,uniform,2048,2048,256,0.01,8,64,128,64,128,400,1,0.000269079,79.4109,41734,15.4739,0.452097,4.72638e+07,175.65,268.951,350.352,1072.7,0.00233334,2400,645790,0,0,0,0
gemm,simd,row,uniform,2048,2048,2048,1,8,64,128,64,128,400,2,0.117427,146.303,0,0,256,6.71089e+07,0.571495,117427,126440,128715,0,2400,2.81825e+08,0,0,0,0
spmm_csr,simd,row,uniform,2048,2048,256,0.01,8,64,128,64,128,400,2,0.000261356,81.7575,41734,15.0298,0.452097,4.72638e+07,180.841,260.362,408.741,1023.68,0.00250427,2400,627254,0,0,0,0
gemm,simd,row,uniform,2048,2048,2048,1,8,64,128,64,128,400,3,0.119438,143.839,0,0,256,6.71089e+07,0.561873,119438,127444,129504,0,2400,2.86651e+08,0,0,0,0
spmm_csr,simd,row,uniform,2048,2048,256,0.01,8,64,128,64,128,400,3,0.000318744,67.0375,41734,18.33,0.452097,4.72638e+07,148.281,313.953,482.806,1219.83,0.0024975,2400,764986,0,0,0,0
gemm,simd,row,uniform,3072,3072,3072,1,8,64,128,64,128,400,1,0.387432,149.657,0,0,384,1.50995e+08,0.389733,387432,429577,444740,0,2400,9.29837e+08,0,0,0,0
spmm_csr,simd,row,uniform,3072,3072,256,0.01,8,64,128,64,128,400,1,0.000636292,75.5626,93906,16.262,0.465879,1.03202e+08,162.194,631.75,776.793,1900.08,0.00515164,2400,1.5271e+06,0,0,0,0
gemm,simd,row,uniform,3072,3072,3072,1,8,64,128,64,128,400,2,0.390129,148.623,0,0,384,1.50995e+08,0.387038,390129,404931,408128,0,2400,9.3631e+08,0,0,0,0
spmm_csr,simd,row,uniform,3072,3072,256,0.01,8,64,128,64,128,400,2,0.000641817,74.9121,93906,16.4032,0.465879,1.03202e+08,160.797,641.551,834.365,1713.31,0.00484559,2400,1.54036e+06,0,0,0,0
gemm,simd,row,uniform,3072,3072,3072,1,8,64,128,64,128,400,3,0.399762,145.042,0,0,384,1.50995e+08,0.377712,399762,407459,408538,0,2400,9.59428e+08,0,0,0,0
spmm_csr,simd,row,uniform,3072,3072,256,0.01,8,64,128,64,128,400,3,0.000597781,80.4306,93906,15.2778,0.465879,1.03202e+08,172.643,595.136,943.015,1841.83,0.00531972,2400,1.43467e+06,0,0,0,0
