rw_mix,size,latency_ns,bandwidth_MBps
allreads,1,1.64,652406.2
allreads,1,1.52,582763.3
allreads,1,1.55,431254.7
allreads,1,1.63,321346.4
allreads,1,1.33,169265.9
allreads,1,1.54,111791.8
allreads,1,1.68,82174.9
allreads,1,1.43,74528.8
allreads,1,1.45,68973.3
allreads,1,1.50,63341.3
allreads,1,1.80,50782.2
allreads,1,1.58,51241.7
allreads,1,1.57,48938.4
allreads,1,1.62,45843.8
allreads,1,1.57,45070.4
allreads,1,1.53,45094.3
allreads,1,1.62,41651.9
allreads,1,1.50,43759.3
allreads,1,1.44,44833.7
allreads,2,1.64,852888.3
allreads,2,1.74,745078.8
allreads,2,1.66,500120.5
allreads,2,1.62,337910.6
allreads,2,1.47,157333.8
allreads,2,1.66,109168.2
allreads,2,1.52,86816.5
allreads,2,1.42,76814.3
allreads,2,1.55,66023.8
allreads,2,1.53,61421.9
allreads,2,1.47,58164.9
allreads,2,1.56,51428.7
allreads,2,1.74,44809.6
allreads,2,1.46,49934.9
allreads,2,1.52,46334.4
allreads,2,1.52,45266.2
allreads,2,1.45,46208.3
allreads,2,1.60,41248.4
allreads,2,1.47,44202.8
allreads,4,1.74,896296.2
allreads,4,1.85,781234.4
allreads,4,1.90,651454.5
allreads,4,1.63,343186.6
allreads,4,1.45,169426.2
allreads,4,1.37,121649.1
allreads,4,1.61,85719.3
allreads,4,1.45,76610.0
allreads,4,1.60,65341.2
allreads,4,1.37,65943.3
allreads,4,1.82,50242.4
allreads,4,1.40,56224.3
allreads,4,1.60,48365.1
allreads,4,1.68,44503.2
allreads,4,1.57,45006.4
allreads,4,1.55,44535.0
allreads,4,1.46,45875.7
allreads,4,1.63,40476.2
allreads,4,1.64,39649.3
allreads,8,1.69,1024504.4
allreads,8,1.65,980217.9
allreads,8,1.69,725573.0
allreads,8,1.66,359454.5
allreads,8,1.49,170642.8
allreads,8,1.57,116218.1
allreads,8,1.69,78240.1
allreads,8,1.65,70428.7
allreads,8,1.53,65660.9
allreads,8,1.49,62177.1
allreads,8,1.45,58966.5
allreads,8,1.45,54751.6
allreads,8,1.56,49431.0
allreads,8,1.60,46509.3
allreads,8,1.56,45265.3
allreads,8,1.39,49001.0
allreads,8,1.59,42481.9
allreads,8,1.51,43574.1
allreads,8,1.62,40171.1
allreads,16,1.62,1124902.5
allreads,16,1.83,1073000.1
allreads,16,1.70,804951.1
allreads,16,1.52,372188.9
allreads,16,1.55,169102.8
allreads,16,1.48,119918.4
allreads,16,1.56,85570.3
allreads,16,1.51,74047.9
allreads,16,1.54,66373.0
allreads,16,1.43,64551.2
allreads,16,1.58,55325.0
allreads,16,1.43,55315.8
allreads,16,1.41,53380.2
allreads,16,1.59,46553.3
allreads,16,1.47,47954.2
allreads,16,1.42,48075.5
allreads,16,1.45,46171.3
allreads,16,1.42,46241.6
allreads,16,1.76,36813.7
allreads,32,3.43,807382.4
allreads,32,3.60,760601.9
allreads,32,3.73,663695.9
allreads,32,3.02,339559.5
allreads,32,1.52,169984.6
allreads,32,1.60,114740.1
allreads,32,1.59,85298.8
allreads,32,1.41,76459.4
allreads,32,1.41,69596.1
allreads,32,1.49,62862.2
allreads,32,1.31,63200.9
allreads,32,1.61,50125.8
allreads,32,1.43,52977.0
allreads,32,1.51,48612.1
allreads,32,1.50,47064.7
allreads,32,1.39,49187.4
allreads,32,1.41,47552.7
allreads,32,1.52,43220.1
allreads,32,1.54,42127.1
allreads,64,6.06,707770.3
allreads,64,6.57,709438.2
allreads,64,6.29,661286.8
allreads,64,5.31,307369.4
allreads,64,5.16,137485.5
allreads,64,5.23,89359.4
allreads,64,4.69,59309.8
allreads,64,3.88,48088.6
allreads,64,4.04,37635.0
allreads,64,3.52,38405.9
allreads,64,3.44,33864.1
allreads,64,3.97,27916.7
allreads,64,4.56,23405.0
allreads,64,3.98,22869.5
allreads,64,4.43,19187.1
allreads,64,4.37,18102.3
allreads,64,4.51,16558.4
allreads,64,5.28,13476.1
allreads,64,5.39,12461.5
allreads,128,4.90,756804.3
allreads,128,5.18,760923.9
allreads,128,6.07,704068.1
allreads,128,5.62,328247.7
allreads,128,4.11,147554.5
allreads,128,4.62,93825.8
allreads,128,5.61,59509.0
allreads,128,4.96,46621.8
allreads,128,4.50,40045.7
allreads,128,4.95,33986.1
allreads,128,4.66,29228.9
allreads,128,4.77,24411.0
allreads,128,5.36,20538.1
allreads,128,4.99,19118.1
allreads,128,3.92,20733.9
allreads,128,5.14,15656.0
allreads,128,4.96,15048.1
allreads,128,5.64,12599.6
allreads,128,4.58,14524.8
allreads,256,5.49,700288.8
allreads,256,7.21,720688.6
allreads,256,5.44,675459.8
allreads,256,6.59,316735.9
allreads,256,4.95,141177.7
allreads,256,4.73,90907.2
allreads,256,4.99,59665.1
allreads,256,4.60,46880.8
allreads,256,4.73,38638.9
allreads,256,4.81,32917.0
allreads,256,4.74,28153.4
allreads,256,5.00,23544.7
allreads,256,5.21,20555.6
allreads,256,6.06,16945.7
allreads,256,5.15,16782.7
allreads,256,4.70,16745.4
allreads,256,4.87,15343.7
allreads,256,4.93,14209.2
allreads,256,5.50,12170.4
allreads,512,9.50,644454.4
allreads,512,9.76,643096.2
allreads,512,9.03,613021.1
allreads,512,9.76,289445.7
allreads,512,6.44,120636.6
allreads,512,6.45,85562.0
allreads,512,6.07,55555.7
allreads,512,6.56,41759.7
allreads,512,5.90,35057.2
allreads,512,6.99,29754.3
allreads,512,5.40,26579.6
allreads,512,6.29,20837.9
allreads,512,5.79,19239.5
allreads,512,6.53,15905.1
allreads,512,5.77,15337.6
allreads,512,6.14,13570.4
allreads,512,6.14,12563.4
allreads,512,5.77,12318.2
allreads,512,5.53,12116.4
allreads,1024,22.31,401431.2
allreads,1024,23.79,397636.3
allreads,1024,20.45,384118.9
allreads,1024,18.53,273166.1
allreads,1024,18.37,123752.9
allreads,1024,12.52,75047.3
allreads,1024,9.28,48412.3
allreads,1024,8.84,33412.2
allreads,1024,9.14,30209.6
allreads,1024,9.70,25962.1
allreads,1024,9.77,20721.6
allreads,1024,7.58,20758.6
allreads,1024,7.68,18077.0
allreads,1024,7.72,15731.0
allreads,1024,6.91,14479.5
allreads,1024,7.03,12790.6
allreads,1024,7.23,11519.4
allreads,1024,7.20,10371.9
allreads,1024,7.18,9576.4
allreads,2048,150.58,237653.2
allreads,2048,157.13,232230.1
allreads,2048,158.35,221367.5
allreads,2048,154.22,206656.8
allreads,2048,137.48,125958.9
allreads,2048,115.88,81097.8
allreads,2048,92.29,49249.8
allreads,2048,91.32,35853.6
allreads,2048,36.73,28977.0
allreads,2048,22.14,25362.9
allreads,2048,18.57,19882.2
allreads,2048,19.95,14479.1
allreads,2048,20.20,11872.8
allreads,2048,14.00,13131.6
allreads,2048,13.17,10919.3
allreads,2048,12.81,9301.0
allreads,2048,12.82,7988.9
allreads,2048,12.76,6667.3
allreads,2048,12.74,5740.6
allreads,4096,186.36,134470.5
allreads,4096,186.92,135133.5
allreads,4096,184.56,131513.4
allreads,4096,178.95,121108.7
allreads,4096,167.37,86769.8
allreads,4096,164.39,69921.7
allreads,4096,143.10,51768.4
allreads,4096,117.55,36732.7
allreads,4096,104.85,29269.2
allreads,4096,97.88,24259.5
allreads,4096,20.25,20553.0
allreads,4096,19.36,16012.8
allreads,4096,101.14,5884.3
allreads,4096,28.71,6515.9
allreads,4096,28.73,5222.7
allreads,4096,27.46,4568.3
allreads,4096,27.62,3903.5
allreads,4096,30.62,2991.7
allreads,4096,28.71,2621.3
allreads,8192,241.13,54254.7
allreads,8192,238.50,54817.5
allreads,8192,238.21,55540.8
allreads,8192,228.08,54741.0
allreads,8192,192.45,59126.7
allreads,8192,167.85,51614.8
allreads,8192,126.05,32738.3
allreads,8192,112.78,23283.7
allreads,8192,105.28,18082.1
allreads,8192,112.21,15054.4
allreads,8192,109.40,11210.6
allreads,8192,66.85,8665.2
allreads,8192,44.13,7403.9
allreads,8192,33.60,6532.1
allreads,8192,33.62,5087.4
allreads,8192,29.52,4448.0
allreads,8192,30.87,3685.3
allreads,8192,33.90,2779.8
allreads,8192,30.48,2495.6
allreads,16384,237.32,55352.2
allreads,16384,237.03,54829.2
allreads,16384,233.10,55378.1
allreads,16384,226.56,55109.9
allreads,16384,188.03,59146.7
allreads,16384,168.07,51782.2
allreads,16384,123.82,32664.9
allreads,16384,112.00,23259.5
allreads,16384,110.07,18325.8
allreads,16384,111.23,15134.6
allreads,16384,107.53,11133.7
allreads,16384,115.83,8229.3
allreads,16384,117.42,6447.0
allreads,16384,117.75,5182.5
allreads,16384,111.59,3711.4
allreads,16384,108.35,2862.3
allreads,16384,93.21,2300.9
allreads,16384,77.54,1725.8
allreads,16384,64.37,1390.3
allreads,32768,234.26,54005.3
allreads,32768,238.66,55094.0
allreads,32768,235.66,55635.3
allreads,32768,226.10,54432.8
allreads,32768,193.63,59528.8
allreads,32768,167.94,51730.4
allreads,32768,125.26,32778.2
allreads,32768,106.98,23185.7
allreads,32768,104.27,18250.7
allreads,32768,107.36,15128.6
allreads,32768,117.71,11238.3
allreads,32768,114.50,8228.9
allreads,32768,114.70,6519.7
allreads,32768,119.38,5164.6
allreads,32768,115.96,3723.8
allreads,32768,121.53,2820.9
allreads,32768,117.18,2152.2
allreads,32768,126.80,1403.6
allreads,32768,129.18,887.6
allreads,65536,238.37,53852.6
allreads,65536,237.49,53822.3
allreads,65536,238.86,54492.9
allreads,65536,224.22,54009.9
allreads,65536,193.50,57447.3
allreads,65536,169.16,51322.4
allreads,65536,123.21,32194.3
allreads,65536,115.83,23260.8
allreads,65536,117.29,18203.8
allreads,65536,116.48,14917.3
allreads,65536,121.26,11211.2
allreads,65536,121.03,7994.4
allreads,65536,120.20,6507.5
allreads,65536,118.92,5071.8
allreads,65536,122.26,3694.9
allreads,65536,122.23,2723.8
allreads,65536,125.03,2115.8
allreads,65536,125.70,1404.6
allreads,65536,133.49,863.0
allreads,131072,241.22,55250.4
allreads,131072,241.91,55000.8
allreads,131072,239.15,54936.4
allreads,131072,232.99,54218.7
allreads,131072,197.63,59530.7
allreads,131072,172.51,52086.8
allreads,131072,147.13,42372.0
allreads,131072,157.67,22602.3
allreads,131072,120.50,17425.8
allreads,131072,109.23,14916.2
allreads,131072,119.48,11263.3
allreads,131072,119.94,8179.6
allreads,131072,119.85,6500.6
allreads,131072,115.90,5112.6
allreads,131072,117.76,3592.8
allreads,131072,121.92,2800.1
allreads,131072,124.29,2121.7
allreads,131072,128.33,1397.4
allreads,131072,144.15,836.5
allreads,262144,256.82,50241.4
allreads,262144,260.95,51220.3
allreads,262144,262.67,51125.2
allreads,262144,250.63,50353.2
allreads,262144,210.24,54780.9
allreads,262144,182.96,48085.3
allreads,262144,128.04,29970.6
allreads,262144,121.26,21403.0
allreads,262144,118.91,16903.1
allreads,262144,117.81,13918.2
allreads,262144,120.79,10367.4
allreads,262144,128.20,7596.9
allreads,262144,129.76,6020.8
allreads,262144,127.10,4754.7
allreads,262144,129.87,3411.9
allreads,262144,131.84,2598.5
allreads,262144,134.94,1969.8
allreads,262144,137.52,1298.1
allreads,262144,149.78,790.5
allreads,524288,241.10,54968.8
allreads,524288,240.11,54877.8
allreads,524288,234.98,55006.1
allreads,524288,236.21,55115.8
allreads,524288,187.26,59147.9
allreads,524288,168.18,51174.3
allreads,524288,117.59,32369.5
allreads,524288,110.58,21474.1
allreads,524288,110.73,18243.5
allreads,524288,112.02,15103.8
allreads,524288,114.09,11234.7
allreads,524288,114.92,8150.6
allreads,524288,116.49,6483.8
allreads,524288,119.53,5129.3
allreads,524288,120.73,3701.4
allreads,524288,123.27,2806.9
allreads,524288,123.78,2132.3
allreads,524288,131.74,1384.8
allreads,524288,148.32,826.4
allwrites,1,2.42,490282.9
allwrites,1,2.32,463262.7
allwrites,1,2.61,306732.3
allwrites,1,2.32,234146.7
allwrites,1,2.36,114865.9
allwrites,1,2.29,76906.5
allwrites,1,2.16,59524.7
allwrites,1,2.14,51146.4
allwrites,1,2.05,48242.0
allwrites,1,2.00,46454.0
allwrites,1,1.96,43319.9
allwrites,1,1.96,40273.0
allwrites,1,2.11,35973.6
allwrites,1,2.10,34744.1
allwrites,1,2.00,35124.7
allwrites,1,2.06,33212.6
allwrites,1,2.12,31713.9
allwrites,1,2.02,32574.1
allwrites,1,2.15,30193.5
allwrites,2,2.01,734326.9
allwrites,2,2.11,612397.7
allwrites,2,2.15,410390.1
allwrites,2,2.05,266578.9
allwrites,2,2.15,126475.6
allwrites,2,2.00,85969.5
allwrites,2,2.06,62425.0
allwrites,2,2.12,51954.5
allwrites,2,2.14,45936.8
allwrites,2,2.00,46398.2
allwrites,2,2.00,42560.5
allwrites,2,2.07,38414.8
allwrites,2,2.01,37765.8
allwrites,2,1.97,37099.7
allwrites,2,2.01,34828.7
allwrites,2,2.31,29763.1
allwrites,2,2.06,32676.0
allwrites,2,2.04,32221.0
allwrites,2,2.02,32096.5
allwrites,4,2.25,798897.0
allwrites,4,2.11,724859.5
allwrites,4,2.15,517611.3
allwrites,4,2.07,295540.5
allwrites,4,2.16,134268.6
allwrites,4,2.18,78982.6
allwrites,4,2.02,63773.4
allwrites,4,2.24,49657.8
allwrites,4,2.04,48806.0
allwrites,4,2.07,44916.6
allwrites,4,1.98,42911.7
allwrites,4,2.06,38604.7
allwrites,4,2.05,37016.8
allwrites,4,2.02,36132.9
allwrites,4,1.96,35819.9
allwrites,4,1.95,35055.0
allwrites,4,2.05,32860.5
allwrites,4,1.94,33902.7
allwrites,4,2.02,32002.8
allwrites,8,2.06,891346.7
allwrites,8,2.03,811167.7
allwrites,8,1.98,610319.6
allwrites,8,2.05,310342.8
allwrites,8,2.05,136582.9
allwrites,8,2.03,86348.7
allwrites,8,2.01,64220.2
allwrites,8,2.05,53699.8
allwrites,8,2.04,48949.4
allwrites,8,2.05,45474.1
allwrites,8,1.98,43116.1
allwrites,8,2.01,39379.2
allwrites,8,2.04,37206.7
allwrites,8,1.99,36795.6
allwrites,8,1.99,35356.1
allwrites,8,1.97,34683.0
allwrites,8,2.05,32835.2
allwrites,8,2.02,32509.4
allwrites,8,2.16,30045.6
allwrites,16,2.03,936736.2
allwrites,16,2.03,893705.2
allwrites,16,2.04,636762.8
allwrites,16,2.11,299575.5
allwrites,16,2.03,141790.4
allwrites,16,2.04,86124.0
allwrites,16,2.05,63406.8
allwrites,16,2.11,51722.3
allwrites,16,1.97,50362.8
allwrites,16,2.04,45880.5
allwrites,16,2.16,39526.0
allwrites,16,2.20,36173.2
allwrites,16,2.01,37788.2
allwrites,16,1.99,36759.8
allwrites,16,1.98,35382.7
allwrites,16,2.27,30321.4
allwrites,16,1.98,33868.6
allwrites,16,1.96,33531.4
allwrites,16,2.17,29795.9
allwrites,32,3.59,735034.0
allwrites,32,3.71,671709.1
allwrites,32,3.26,563228.5
allwrites,32,3.37,281615.2
allwrites,32,2.23,129638.9
allwrites,32,2.13,83147.6
allwrites,32,2.01,64675.5
allwrites,32,2.05,53986.2
allwrites,32,2.17,46043.5
allwrites,32,2.29,41184.1
allwrites,32,2.04,41984.4
allwrites,32,2.07,38508.3
allwrites,32,1.98,38291.0
allwrites,32,2.16,33937.2
allwrites,32,2.33,30197.1
allwrites,32,2.04,33672.5
allwrites,32,2.04,32930.8
allwrites,32,2.05,32151.0
allwrites,32,2.12,30537.1
allwrites,64,7.92,535515.4
allwrites,64,8.13,534505.2
allwrites,64,8.06,489559.1
allwrites,64,8.25,234370.8
allwrites,64,7.27,111805.4
allwrites,64,8.00,60304.7
allwrites,64,7.72,39182.0
allwrites,64,7.59,30855.7
allwrites,64,7.77,25810.7
allwrites,64,7.94,21133.4
allwrites,64,8.03,17287.3
allwrites,64,8.14,15433.7
allwrites,64,7.71,14147.5
allwrites,64,7.82,12300.2
allwrites,64,7.09,12113.8
allwrites,64,8.58,9541.9
allwrites,64,7.36,10226.4
allwrites,64,7.11,9879.5
allwrites,64,7.95,8406.9
allwrites,128,7.59,487355.7
allwrites,128,7.98,491825.5
allwrites,128,8.26,444325.7
allwrites,128,8.12,232680.9
allwrites,128,8.34,105355.8
allwrites,128,8.01,59289.8
allwrites,128,7.44,38213.6
allwrites,128,6.99,30984.3
allwrites,128,7.71,25213.3
allwrites,128,7.63,22131.2
allwrites,128,7.21,19207.0
allwrites,128,7.35,16065.3
allwrites,128,8.37,13051.5
allwrites,128,8.27,12139.6
allwrites,128,7.46,11580.3
allwrites,128,7.86,10366.3
allwrites,128,7.56,9993.3
allwrites,128,7.78,9097.3
allwrites,128,7.94,8453.4
allwrites,256,8.66,517308.0
allwrites,256,8.16,527411.5
allwrites,256,8.12,475442.2
allwrites,256,8.83,226608.5
allwrites,256,7.78,108515.4
allwrites,256,7.54,63780.4
allwrites,256,8.58,40407.5
allwrites,256,8.21,30172.9
allwrites,256,7.69,25732.7
allwrites,256,7.82,22648.1
allwrites,256,7.56,19026.0
allwrites,256,7.47,16110.5
allwrites,256,7.80,13988.9
allwrites,256,7.39,13165.0
allwrites,256,7.31,11935.7
allwrites,256,7.76,10461.6
allwrites,256,8.11,9452.3
allwrites,256,7.64,9218.6
allwrites,256,8.11,8285.9
allwrites,512,14.65,458385.4
allwrites,512,12.95,448782.7
allwrites,512,13.95,429926.4
allwrites,512,15.33,212809.3
allwrites,512,9.63,99081.6
allwrites,512,9.12,58202.5
allwrites,512,8.89,39287.4
allwrites,512,10.43,27551.8
allwrites,512,10.12,22897.4
allwrites,512,8.97,20530.3
allwrites,512,9.15,17548.9
allwrites,512,10.10,13800.3
allwrites,512,9.09,12584.9
allwrites,512,10.48,10019.6
allwrites,512,9.74,9585.3
allwrites,512,9.74,8785.0
allwrites,512,8.28,9286.2
allwrites,512,8.58,8319.3
allwrites,512,9.79,6893.8
allwrites,1024,37.69,273991.3
allwrites,1024,34.04,281547.1
allwrites,1024,39.39,282494.7
allwrites,1024,31.69,206368.8
allwrites,1024,27.88,94578.3
allwrites,1024,23.76,57748.3
allwrites,1024,13.28,37265.7
allwrites,1024,13.16,27918.1
allwrites,1024,12.54,21798.5
allwrites,1024,11.87,19904.3
allwrites,1024,10.85,16594.9
allwrites,1024,11.04,13459.0
allwrites,1024,12.41,10964.7
allwrites,1024,12.51,9503.4
allwrites,1024,11.03,8940.2
allwrites,1024,11.30,7921.7
allwrites,1024,11.15,7243.4
allwrites,1024,11.62,6404.6
allwrites,1024,11.58,5894.9
allwrites,2048,158.17,148467.8
allwrites,2048,151.19,148946.6
allwrites,2048,164.51,148047.1
allwrites,2048,167.68,139689.8
allwrites,2048,143.30,82474.6
allwrites,2048,122.16,51789.5
allwrites,2048,85.30,32574.5
allwrites,2048,38.27,24324.6
allwrites,2048,33.83,19236.5
allwrites,2048,32.62,15504.5
allwrites,2048,29.61,12675.5
allwrites,2048,30.72,9651.5
allwrites,2048,30.24,7849.0
allwrites,2048,27.43,6907.7
allwrites,2048,29.14,5255.2
allwrites,2048,27.26,4626.5
allwrites,2048,25.57,4106.3
allwrites,2048,26.25,3317.2
allwrites,2048,26.76,2776.6
allwrites,4096,235.28,65577.7
allwrites,4096,243.34,65991.5
allwrites,4096,214.11,71661.1
allwrites,4096,192.89,71972.8
allwrites,4096,178.49,61692.0
allwrites,4096,165.68,48557.9
allwrites,4096,126.64,30613.3
allwrites,4096,103.15,23276.4
allwrites,4096,44.79,19136.6
allwrites,4096,46.60,15058.7
allwrites,4096,31.62,12462.1
allwrites,4096,29.76,9475.4
allwrites,4096,27.45,8294.3
allwrites,4096,28.96,6839.5
allwrites,4096,33.69,4962.2
allwrites,4096,30.28,4362.7
allwrites,4096,27.63,3927.2
allwrites,4096,28.89,3117.4
allwrites,4096,30.19,2518.6
allwrites,8192,237.84,55106.2
allwrites,8192,235.74,55253.1
allwrites,8192,231.98,56007.0
allwrites,8192,223.94,54745.6
allwrites,8192,189.48,59303.0
allwrites,8192,168.39,52518.2
allwrites,8192,125.51,32715.9
allwrites,8192,109.32,23368.5
allwrites,8192,109.25,18381.0
allwrites,8192,116.98,15264.8
allwrites,8192,113.71,11312.4
allwrites,8192,61.06,8718.4
allwrites,8192,53.27,6851.2
allwrites,8192,34.06,6510.9
allwrites,8192,31.85,5207.9
allwrites,8192,31.46,4222.9
allwrites,8192,40.02,3080.9
allwrites,8192,29.86,3043.5
allwrites,8192,30.15,2516.5
allwrites,16384,236.44,55168.3
allwrites,16384,230.87,55568.9
allwrites,16384,229.63,56352.7
allwrites,16384,230.18,54525.4
allwrites,16384,196.81,58061.7
allwrites,16384,172.86,46085.6
allwrites,16384,123.44,32200.8
allwrites,16384,114.47,27155.1
allwrites,16384,116.40,28978.4
allwrites,16384,113.30,14484.5
allwrites,16384,115.33,10987.1
allwrites,16384,125.97,7787.4
allwrites,16384,126.85,5794.1
allwrites,16384,124.06,5141.2
allwrites,16384,122.85,3712.0
allwrites,16384,117.14,2832.2
allwrites,16384,102.94,2224.3
allwrites,16384,76.91,1968.2
allwrites,16384,63.48,1761.7
allwrites,32768,205.38,71847.3
allwrites,32768,206.14,71762.0
allwrites,32768,205.74,71935.3
allwrites,32768,197.67,70488.3
allwrites,32768,180.03,67535.9
allwrites,32768,171.25,65186.4
allwrites,32768,150.22,53911.4
allwrites,32768,122.87,39221.4
allwrites,32768,101.74,30948.4
allwrites,32768,100.57,25275.0
allwrites,32768,102.02,19083.5
allwrites,32768,101.21,13865.8
allwrites,32768,103.86,10947.2
allwrites,32768,104.67,8537.0
allwrites,32768,101.51,6073.7
allwrites,32768,106.45,4553.5
allwrites,32768,105.00,3389.5
allwrites,32768,102.49,2153.8
allwrites,32768,112.82,1253.6
allwrites,65536,204.37,71521.6
allwrites,65536,206.12,71469.4
allwrites,65536,203.67,71551.7
allwrites,65536,197.21,70256.2
allwrites,65536,180.60,67071.1
allwrites,65536,172.80,64531.3
allwrites,65536,147.50,51640.7
allwrites,65536,115.86,37304.3
allwrites,65536,104.54,29647.8
allwrites,65536,102.18,24628.6
allwrites,65536,96.02,18072.7
allwrites,65536,103.43,13348.1
allwrites,65536,104.68,10576.0
allwrites,65536,100.57,8324.3
allwrites,65536,110.50,5939.3
allwrites,65536,107.10,4436.3
allwrites,65536,108.13,3291.8
allwrites,65536,107.56,2112.9
allwrites,65536,118.10,1213.8
allwrites,131072,220.48,66908.4
allwrites,131072,212.68,68760.3
allwrites,131072,216.22,68529.8
allwrites,131072,197.80,70190.2
allwrites,131072,183.13,66440.7
allwrites,131072,174.76,64243.2
allwrites,131072,150.49,50370.4
allwrites,131072,116.51,36769.9
allwrites,131072,104.80,29220.3
allwrites,131072,98.93,24205.4
allwrites,131072,102.97,18108.6
allwrites,131072,103.85,13053.1
allwrites,131072,105.11,10383.7
allwrites,131072,105.15,8189.5
allwrites,131072,106.64,5835.1
allwrites,131072,109.48,4375.8
allwrites,131072,106.23,3149.0
allwrites,131072,123.08,1812.1
allwrites,131072,120.85,1177.5
allwrites,262144,206.93,71172.4
allwrites,262144,206.58,71329.7
allwrites,262144,210.78,70038.0
allwrites,262144,198.78,70137.9
allwrites,262144,182.85,66926.1
allwrites,262144,173.00,64486.4
allwrites,262144,148.81,50037.8
allwrites,262144,116.18,36599.0
allwrites,262144,106.78,29067.5
allwrites,262144,99.21,23877.4
allwrites,262144,94.60,17966.8
allwrites,262144,99.22,12983.9
allwrites,262144,108.04,10387.9
allwrites,262144,107.46,8080.4
allwrites,262144,105.16,5799.6
allwrites,262144,106.77,4346.5
allwrites,262144,106.72,3248.4
allwrites,262144,107.99,2076.0
allwrites,262144,120.16,1190.2
allwrites,524288,218.65,68917.4
allwrites,524288,214.10,69276.1
allwrites,524288,208.03,71187.1
allwrites,524288,199.11,70061.5
allwrites,524288,184.99,66561.2
allwrites,524288,177.76,63306.5
allwrites,524288,148.10,49716.7
allwrites,524288,116.94,36001.4
allwrites,524288,107.52,28394.0
allwrites,524288,102.69,23614.4
allwrites,524288,94.72,17755.6
allwrites,524288,109.42,12909.6
allwrites,524288,109.95,10173.3
allwrites,524288,105.97,8096.3
allwrites,524288,109.11,5774.4
allwrites,524288,109.15,4298.7
allwrites,524288,109.63,3219.6
allwrites,524288,109.85,2030.6
allwrites,524288,126.87,1139.9
r70w30,1,1.60,737770.9
r70w30,1,1.83,601466.5
r70w30,1,1.68,494837.6
r70w30,1,1.51,373694.7
r70w30,1,1.45,186642.9
r70w30,1,1.47,121504.2
r70w30,1,1.27,100880.4
r70w30,1,1.25,86416.3
r70w30,1,1.22,80927.9
r70w30,1,1.29,72230.3
r70w30,1,1.16,72599.7
r70w30,1,1.16,67554.0
r70w30,1,1.23,61836.8
r70w30,1,1.20,60740.5
r70w30,1,1.27,55689.7
r70w30,1,1.15,59422.2
r70w30,1,1.20,55769.4
r70w30,1,1.19,55116.5
r70w30,1,1.16,55736.9
r70w30,2,1.32,1117590.5
r70w30,2,1.30,969407.2
r70w30,2,1.27,669034.5
r70w30,2,1.32,449969.2
r70w30,2,1.15,226925.4
r70w30,2,1.17,144122.7
r70w30,2,1.15,109081.7
r70w30,2,1.21,90627.5
r70w30,2,1.22,81468.3
r70w30,2,1.15,79760.5
r70w30,2,1.20,70941.5
r70w30,2,1.19,66290.1
r70w30,2,1.15,65725.8
r70w30,2,1.15,63362.9
r70w30,2,1.16,60400.0
r70w30,2,1.19,57736.4
r70w30,2,1.19,56454.2
r70w30,2,1.21,54247.2
r70w30,2,1.23,52494.2
r70w30,4,1.39,1267373.4
r70w30,4,1.40,1102889.3
r70w30,4,1.31,815992.7
r70w30,4,1.23,489254.5
r70w30,4,1.17,236356.2
r70w30,4,1.20,143733.2
r70w30,4,1.23,105006.7
r70w30,4,1.20,90890.1
r70w30,4,1.22,81485.7
r70w30,4,1.17,78840.8
r70w30,4,1.17,72488.5
r70w30,4,1.19,66364.5
r70w30,4,1.19,63695.5
r70w30,4,1.21,60595.4
r70w30,4,1.17,59905.5
r70w30,4,1.18,58066.4
r70w30,4,1.15,58520.5
r70w30,4,1.20,55028.2
r70w30,4,1.16,55636.7
r70w30,8,1.29,1398266.2
r70w30,8,1.27,1243208.6
r70w30,8,1.31,920361.1
r70w30,8,1.21,506205.7
r70w30,8,1.17,235756.8
r70w30,8,1.20,144966.0
r70w30,8,1.18,108393.3
r70w30,8,1.21,90816.5
r70w30,8,1.21,82342.7
r70w30,8,1.16,79209.7
r70w30,8,1.14,74248.8
r70w30,8,1.15,68488.3
r70w30,8,1.18,63979.7
r70w30,8,1.15,63414.4
r70w30,8,1.17,60197.7
r70w30,8,1.16,58817.8
r70w30,8,1.21,55360.3
r70w30,8,1.17,56204.6
r70w30,8,1.18,54675.6
r70w30,16,1.25,1505764.7
r70w30,16,1.32,1387502.9
r70w30,16,1.27,995956.1
r70w30,16,1.18,532451.8
r70w30,16,1.18,241851.6
r70w30,16,1.20,144600.5
r70w30,16,1.25,104753.7
r70w30,16,1.17,93059.9
r70w30,16,1.18,83928.4
r70w30,16,1.16,79533.5
r70w30,16,1.15,73319.0
r70w30,16,1.14,68907.8
r70w30,16,1.15,65475.8
r70w30,16,1.21,60646.7
r70w30,16,1.21,58171.7
r70w30,16,1.17,58483.9
r70w30,16,1.21,55657.4
r70w30,16,1.13,58023.9
r70w30,16,1.14,56564.9
r70w30,32,2.26,1179846.8
r70w30,32,1.82,1069466.2
r70w30,32,2.09,845406.1
r70w30,32,1.90,488970.1
r70w30,32,1.19,239573.5
r70w30,32,1.19,145634.6
r70w30,32,1.17,109080.1
r70w30,32,1.17,92709.3
r70w30,32,1.17,84371.5
r70w30,32,1.18,78334.1
r70w30,32,1.21,70854.9
r70w30,32,1.15,68210.6
r70w30,32,1.19,63738.8
r70w30,32,1.16,62822.1
r70w30,32,1.18,59708.0
r70w30,32,1.16,58931.4
r70w30,32,1.20,55781.6
r70w30,32,1.31,50326.8
r70w30,32,1.19,54616.3
r70w30,64,5.11,843994.7
r70w30,64,4.92,808752.4
r70w30,64,5.25,713792.3
r70w30,64,4.97,401901.7
r70w30,64,4.64,186228.3
r70w30,64,4.44,105354.6
r70w30,64,4.66,67992.4
r70w30,64,4.62,51746.7
r70w30,64,4.45,43813.9
r70w30,64,4.65,38124.5
r70w30,64,4.36,32490.1
r70w30,64,4.41,27194.2
r70w30,64,4.55,23927.6
r70w30,64,4.71,21313.4
r70w30,64,4.43,19705.4
r70w30,64,4.55,17855.4
r70w30,64,4.57,16667.5
r70w30,64,4.33,16274.2
r70w30,64,4.81,13965.5
r70w30,128,5.07,842254.6
r70w30,128,5.01,814186.2
r70w30,128,5.40,721118.5
r70w30,128,5.09,396594.9
r70w30,128,4.78,185122.3
r70w30,128,4.84,104286.5
r70w30,128,4.55,67974.0
r70w30,128,4.60,51955.1
r70w30,128,4.59,43215.6
r70w30,128,4.48,38483.8
r70w30,128,4.40,32327.3
r70w30,128,4.62,26611.2
r70w30,128,4.74,23364.3
r70w30,128,4.71,21202.7
r70w30,128,4.62,19113.1
r70w30,128,4.54,17880.0
r70w30,128,4.48,16945.2
r70w30,128,4.65,15262.0
r70w30,128,4.77,14088.4
r70w30,256,5.70,848075.5
r70w30,256,5.15,814927.4
r70w30,256,5.30,715361.5
r70w30,256,5.11,402602.7
r70w30,256,4.89,183754.4
r70w30,256,4.71,104273.5
r70w30,256,4.56,68042.0
r70w30,256,4.63,51634.3
r70w30,256,4.79,42866.4
r70w30,256,4.66,37968.0
r70w30,256,4.98,30703.7
r70w30,256,4.67,26288.0
r70w30,256,4.77,23345.0
r70w30,256,4.71,21236.3
r70w30,256,4.65,18994.1
r70w30,256,5.00,16571.0
r70w30,256,4.58,16629.9
r70w30,256,4.89,14527.9
r70w30,256,4.76,14088.9
r70w30,512,10.12,760176.9
r70w30,512,8.64,740593.2
r70w30,512,9.86,681826.7
r70w30,512,8.77,391556.8
r70w30,512,6.75,178781.7
r70w30,512,5.23,102782.5
r70w30,512,5.63,65162.7
r70w30,512,5.85,48328.6
r70w30,512,5.32,41316.6
r70w30,512,5.58,35532.8
r70w30,512,5.70,28970.3
r70w30,512,5.52,24247.8
r70w30,512,5.62,21262.1
r70w30,512,5.64,19010.6
r70w30,512,5.69,16497.7
r70w30,512,5.32,15793.2
r70w30,512,5.58,14138.7
r70w30,512,5.18,13833.2
r70w30,512,5.27,12811.8
r70w30,1024,21.62,449976.9
r70w30,1024,23.80,454278.8
r70w30,1024,21.47,433440.0
r70w30,1024,20.41,322205.5
r70w30,1024,17.66,165376.2
r70w30,1024,14.49,93861.2
r70w30,1024,7.92,60752.0
r70w30,1024,6.71,46266.3
r70w30,1024,7.05,37791.2
r70w30,1024,6.32,33862.8
r70w30,1024,6.37,27385.4
r70w30,1024,6.59,22308.5
r70w30,1024,6.56,19607.7
r70w30,1024,6.11,18092.8
r70w30,1024,6.41,15236.6
r70w30,1024,5.71,14966.5
r70w30,1024,6.09,13171.6
r70w30,1024,5.74,12638.2
r70w30,1024,5.73,11815.9
r70w30,2048,150.14,237825.7
r70w30,2048,148.26,238362.6
r70w30,2048,146.86,230405.3
r70w30,2048,145.77,215898.0
r70w30,2048,132.57,130207.6
r70w30,2048,108.93,84991.1
r70w30,2048,76.75,51585.5
r70w30,2048,30.79,38166.3
r70w30,2048,21.91,31048.9
r70w30,2048,18.18,26713.6
r70w30,2048,17.73,20822.5
r70w30,2048,16.55,16161.8
r70w30,2048,16.57,13426.2
r70w30,2048,14.99,11710.8
r70w30,2048,14.97,9420.1
r70w30,2048,15.33,7852.6
r70w30,2048,14.43,7038.6
r70w30,2048,14.14,5993.6
r70w30,2048,14.01,5219.0
r70w30,4096,183.26,131310.3
r70w30,4096,183.54,129894.9
r70w30,4096,181.39,126812.8
r70w30,4096,176.96,116118.4
r70w30,4096,165.31,83719.8
r70w30,4096,160.79,70990.2
r70w30,4096,138.27,50596.8
r70w30,4096,114.40,36482.3
r70w30,4096,98.02,28745.1
r70w30,4096,30.79,25354.8
r70w30,4096,19.65,20253.8
r70w30,4096,19.36,15536.8
r70w30,4096,18.88,12983.0
r70w30,4096,17.92,11000.7
r70w30,4096,17.74,8748.8
r70w30,4096,17.14,7419.1
r70w30,4096,17.68,6240.2
r70w30,4096,17.49,5119.1
r70w30,4096,16.32,4569.0
r70w30,8192,207.33,71597.3
r70w30,8192,205.64,71450.2
r70w30,8192,204.23,71466.2
r70w30,8192,198.50,70209.2
r70w30,8192,181.14,66720.0
r70w30,8192,174.85,63088.4
r70w30,8192,147.72,50136.7
r70w30,8192,117.42,36248.2
r70w30,8192,98.74,28754.2
r70w30,8192,102.71,23808.5
r70w30,8192,103.04,17670.9
r70w30,8192,108.50,12828.6
r70w30,8192,99.03,10275.3
r70w30,8192,33.89,9334.8
r70w30,8192,19.86,8344.7
r70w30,8192,18.95,7074.4
r70w30,8192,19.36,5932.1
r70w30,8192,19.45,4749.5
r70w30,8192,17.61,4280.7
r70w30,16384,209.14,71497.3
r70w30,16384,206.76,71444.1
r70w30,16384,207.39,71087.7
r70w30,16384,200.40,69561.8
r70w30,16384,181.09,66771.3
r70w30,16384,172.86,64676.2
r70w30,16384,146.66,48829.9
r70w30,16384,112.06,35933.7
r70w30,16384,108.35,28306.6
r70w30,16384,94.47,23556.5
r70w30,16384,96.99,17559.2
r70w30,16384,103.59,12847.2
r70w30,16384,105.34,10199.3
r70w30,16384,106.09,8043.0
r70w30,16384,108.43,5755.0
r70w30,16384,105.19,4276.2
r70w30,16384,96.76,3286.7
r70w30,16384,54.01,2656.8
r70w30,16384,44.57,2087.7
r70w30,32768,205.50,71276.0
r70w30,32768,204.18,71205.0
r70w30,32768,205.13,71256.7
r70w30,32768,197.02,70177.5
r70w30,32768,181.15,66807.1
r70w30,32768,173.70,64704.2
r70w30,32768,146.42,49893.5
r70w30,32768,109.72,35782.9
r70w30,32768,101.34,28618.4
r70w30,32768,95.52,23587.8
r70w30,32768,97.75,17709.1
r70w30,32768,99.14,12846.3
r70w30,32768,107.78,10115.4
r70w30,32768,100.64,8081.6
r70w30,32768,104.74,5760.4
r70w30,32768,106.35,4312.1
r70w30,32768,110.36,3193.9
r70w30,32768,104.09,2088.8
r70w30,32768,115.11,1208.5
r70w30,65536,210.21,70368.5
r70w30,65536,206.84,70950.0
r70w30,65536,204.29,71274.1
r70w30,65536,199.17,69771.3
r70w30,65536,180.59,66730.5
r70w30,65536,173.63,64459.5
r70w30,65536,147.61,49892.4
r70w30,65536,112.18,35919.6
r70w30,65536,97.74,28489.3
r70w30,65536,96.72,23516.5
r70w30,65536,95.42,17712.2
r70w30,65536,100.66,12895.2
r70w30,65536,102.48,10210.0
r70w30,65536,102.78,8083.3
r70w30,65536,107.26,5735.3
r70w30,65536,107.99,4313.7
r70w30,65536,108.37,3162.4
r70w30,65536,108.78,2060.5
r70w30,65536,119.28,1184.7
r70w30,131072,209.04,71646.5
r70w30,131072,208.09,71322.5
r70w30,131072,206.75,71537.6
r70w30,131072,200.61,70071.2
r70w30,131072,181.98,67022.2
r70w30,131072,174.32,64990.2
r70w30,131072,147.59,49528.6
r70w30,131072,118.65,36137.7
r70w30,131072,105.25,28492.0
r70w30,131072,103.10,23574.7
r70w30,131072,102.80,17642.6
r70w30,131072,109.24,12884.4
r70w30,131072,107.19,10156.4
r70w30,131072,111.26,8019.9
r70w30,131072,109.42,5709.0
r70w30,131072,108.61,4295.7
r70w30,131072,107.62,3197.0
r70w30,131072,111.76,2022.1
r70w30,131072,125.09,1162.5
r70w30,262144,210.96,69945.8
r70w30,262144,205.18,71591.1
r70w30,262144,206.61,71438.5
r70w30,262144,198.77,70386.1
r70w30,262144,182.39,67147.5
r70w30,262144,172.54,65071.6
r70w30,262144,146.14,49446.3
r70w30,262144,108.61,35554.2
r70w30,262144,105.16,28480.1
r70w30,262144,100.21,23706.3
r70w30,262144,101.10,17482.1
r70w30,262144,104.30,12876.0
r70w30,262144,106.05,10121.1
r70w30,262144,106.14,8027.2
r70w30,262144,104.02,5748.7
r70w30,262144,106.67,4306.6
r70w30,262144,106.66,3188.0
r70w30,262144,104.81,2068.9
r70w30,262144,120.30,1178.9
r70w30,524288,226.49,67296.8
r70w30,524288,233.69,66909.8
r70w30,524288,208.80,70795.1
r70w30,524288,197.14,69850.5
r70w30,524288,183.19,66435.1
r70w30,524288,174.15,64442.1
r70w30,524288,147.86,49566.5
r70w30,524288,115.46,35763.8
r70w30,524288,104.19,28407.9
r70w30,524288,104.49,23582.8
r70w30,524288,103.29,17578.0
r70w30,524288,105.03,12633.0
r70w30,524288,107.61,10164.9
r70w30,524288,108.30,7976.3
r70w30,524288,108.59,5704.6
r70w30,524288,108.50,4284.7
r70w30,524288,108.84,3203.8
r70w30,524288,110.84,2044.4
r70w30,524288,135.91,1115.7
r50w50,1,1.59,750343.4
r50w50,1,1.74,654837.7
r50w50,1,1.79,469216.8
r50w50,1,1.60,377118.3
r50w50,1,1.52,189674.2
r50w50,1,1.43,123507.3
r50w50,1,1.19,104542.9
r50w50,1,1.20,90049.5
r50w50,1,1.22,81054.6
r50w50,1,1.17,78031.9
r50w50,1,1.17,72263.4
r50w50,1,1.19,66320.5
r50w50,1,1.17,64326.1
r50w50,1,1.20,61062.9
r50w50,1,1.19,58986.3
r50w50,1,1.21,56592.8
r50w50,1,1.18,56713.4
r50w50,1,1.17,56282.4
r50w50,1,1.15,56242.2
r50w50,2,1.31,1118532.8
r50w50,2,1.30,964193.5
r50w50,2,1.32,669010.4
r50w50,2,1.23,454614.0
r50w50,2,1.19,225200.9
r50w50,2,1.17,143460.0
r50w50,2,1.20,106089.8
r50w50,2,1.25,88603.3
r50w50,2,1.20,82097.2
r50w50,2,1.21,76707.5
r50w50,2,1.17,72147.0
r50w50,2,1.16,67736.3
r50w50,2,1.16,65058.4
r50w50,2,1.17,62267.3
r50w50,2,1.18,59403.3
r50w50,2,1.16,58975.9
r50w50,2,1.21,55352.1
r50w50,2,1.18,55905.4
r50w50,2,1.19,54281.2
r50w50,4,1.45,1234232.7
r50w50,4,1.42,1086458.7
r50w50,4,1.25,813334.6
r50w50,4,1.33,475088.6
r50w50,4,1.24,226946.0
r50w50,4,1.16,144900.8
r50w50,4,1.22,105909.4
r50w50,4,1.18,91938.9
r50w50,4,1.18,83667.1
r50w50,4,1.19,77731.5
r50w50,4,1.16,72644.1
r50w50,4,1.14,69031.4
r50w50,4,1.20,63098.5
r50w50,4,1.20,61012.9
r50w50,4,1.21,57996.0
r50w50,4,1.19,57428.5
r50w50,4,1.16,57678.4
r50w50,4,1.21,54489.5
r50w50,4,1.22,53160.4
r50w50,8,1.29,1423045.0
r50w50,8,1.26,1250042.7
r50w50,8,1.27,931571.5
r50w50,8,1.22,507912.9
r50w50,8,1.20,237056.2
r50w50,8,1.20,144985.0
r50w50,8,1.18,108034.1
r50w50,8,1.19,91322.6
r50w50,8,1.20,82600.4
r50w50,8,1.21,77010.5
r50w50,8,1.19,71309.6
r50w50,8,1.15,68472.1
r50w50,8,1.13,66299.4
r50w50,8,1.14,63855.0
r50w50,8,1.23,57258.6
r50w50,8,1.14,60040.0
r50w50,8,1.18,56777.4
r50w50,8,1.16,56623.5
r50w50,8,1.21,53498.1
r50w50,16,1.25,1487562.8
r50w50,16,1.27,1386151.6
r50w50,16,1.28,993219.7
r50w50,16,1.21,530802.5
r50w50,16,1.14,242135.4
r50w50,16,1.20,144984.7
r50w50,16,1.17,108714.6
r50w50,16,1.16,93252.2
r50w50,16,1.19,83184.9
r50w50,16,1.18,78494.8
r50w50,16,1.21,70232.9
r50w50,16,1.25,63106.9
r50w50,16,1.19,63220.4
r50w50,16,1.19,61018.8
r50w50,16,1.17,59805.2
r50w50,16,1.21,56567.7
r50w50,16,1.24,54103.0
r50w50,16,1.22,54067.0
r50w50,16,1.22,53136.3
r50w50,32,2.00,1171680.1
r50w50,32,1.94,1058185.4
r50w50,32,2.10,804090.7
r50w50,32,1.80,478505.3
r50w50,32,1.28,230962.0
r50w50,32,1.23,142511.9
r50w50,32,1.23,105369.5
r50w50,32,1.25,87420.8
r50w50,32,1.20,81996.0
r50w50,32,1.23,75892.9
r50w50,32,1.22,69534.2
r50w50,32,1.22,64598.3
r50w50,32,1.22,62005.6
r50w50,32,1.21,60304.5
r50w50,32,1.24,56875.5
r50w50,32,1.20,57121.7
r50w50,32,1.26,53137.2
r50w50,32,1.19,55285.1
r50w50,32,1.19,54489.5
r50w50,64,5.06,817259.9
r50w50,64,5.03,798532.8
r50w50,64,5.40,699577.0
r50w50,64,5.12,391862.9
r50w50,64,4.73,182851.0
r50w50,64,4.70,103665.4
r50w50,64,4.79,66706.0
r50w50,64,4.77,51062.5
r50w50,64,4.77,42850.2
r50w50,64,4.96,37118.8
r50w50,64,4.65,31507.3
r50w50,64,4.67,26299.3
r50w50,64,4.78,23298.3
r50w50,64,4.27,22620.2
r50w50,64,4.87,18405.6
r50w50,64,4.75,17250.7
r50w50,64,4.56,16687.9
r50w50,64,4.45,15865.2
r50w50,64,4.37,15289.6
r50w50,128,5.18,838090.3
r50w50,128,5.43,812433.6
r50w50,128,5.38,716531.0
r50w50,128,4.56,399805.0
r50w50,128,4.93,182651.4
r50w50,128,4.45,104504.5
r50w50,128,4.65,67542.8
r50w50,128,4.81,50515.4
r50w50,128,4.51,43516.4
r50w50,128,4.40,38616.5
r50w50,128,4.42,32207.3
r50w50,128,4.67,26415.1
r50w50,128,4.44,24193.2
r50w50,128,4.71,21212.2
r50w50,128,4.78,18630.0
r50w50,128,4.45,18090.7
r50w50,128,4.76,16095.0
r50w50,128,4.52,15649.4
r50w50,128,4.93,13623.3
r50w50,256,5.46,848322.4
r50w50,256,5.32,815724.0
r50w50,256,5.24,713746.8
r50w50,256,5.32,393982.8
r50w50,256,4.74,185949.3
r50w50,256,5.04,103584.8
r50w50,256,4.70,67457.2
r50w50,256,4.72,51246.0
r50w50,256,5.27,41575.3
r50w50,256,4.92,37184.2
r50w50,256,4.79,31098.7
r50w50,256,4.57,26664.4
r50w50,256,4.71,23489.8
r50w50,256,4.65,21392.4
r50w50,256,5.29,17380.5
r50w50,256,4.77,17200.0
r50w50,256,4.23,17769.3
r50w50,256,4.71,15073.0
r50w50,256,4.71,14221.6
r50w50,512,9.94,769977.9
r50w50,512,8.66,738123.1
r50w50,512,9.45,686144.0
r50w50,512,8.59,388776.7
r50w50,512,6.25,178661.0
r50w50,512,6.04,100597.2
r50w50,512,5.50,64703.5
r50w50,512,5.81,48339.7
r50w50,512,5.59,40755.5
r50w50,512,5.47,35566.8
r50w50,512,5.09,30158.7
r50w50,512,5.79,23754.6
r50w50,512,5.22,22115.5
r50w50,512,5.18,19939.2
r50w50,512,5.27,17332.4
r50w50,512,5.18,16106.5
r50w50,512,5.18,15003.5
r50w50,512,5.36,13419.3
r50w50,512,5.24,12858.3
r50w50,1024,20.83,440888.9
r50w50,1024,21.50,451052.0
r50w50,1024,23.46,427838.6
r50w50,1024,19.27,322415.5
r50w50,1024,17.76,165239.9
r50w50,1024,14.37,93734.7
r50w50,1024,9.04,59665.8
r50w50,1024,8.04,44965.7
r50w50,1024,7.65,37264.1
r50w50,1024,7.58,32024.5
r50w50,1024,7.14,26425.3
r50w50,1024,7.18,21499.3
r50w50,1024,6.99,18909.0
r50w50,1024,7.04,16690.4
r50w50,1024,6.63,14846.3
r50w50,1024,7.54,12279.7
r50w50,1024,7.15,11606.3
r50w50,1024,7.05,10544.6
r50w50,1024,7.09,9668.2
r50w50,2048,148.26,235974.7
r50w50,2048,146.83,234818.2
r50w50,2048,147.09,225765.0
r50w50,2048,143.88,211120.9
r50w50,2048,135.45,129532.4
r50w50,2048,106.89,84609.4
r50w50,2048,94.10,51111.8
r50w50,2048,45.36,37689.3
r50w50,2048,23.33,31170.5
r50w50,2048,18.15,26837.5
r50w50,2048,17.56,20776.5
r50w50,2048,17.69,15468.8
r50w50,2048,17.00,13034.0
r50w50,2048,15.94,11161.6
r50w50,2048,15.96,8972.1
r50w50,2048,15.99,7596.2
r50w50,2048,15.81,6575.5
r50w50,2048,15.98,5382.8
r50w50,2048,15.83,4664.3
r50w50,4096,188.77,123388.0
r50w50,4096,187.48,124857.2
r50w50,4096,186.28,123584.9
r50w50,4096,183.79,104054.0
r50w50,4096,167.31,80090.5
r50w50,4096,161.68,67829.7
r50w50,4096,141.17,48180.5
r50w50,4096,114.33,34636.9
r50w50,4096,100.26,27840.7
r50w50,4096,95.13,23042.7
r50w50,4096,25.16,19185.3
r50w50,4096,19.59,15172.7
r50w50,4096,17.69,12810.9
r50w50,4096,18.16,10607.1
r50w50,4096,18.82,8306.0
r50w50,4096,17.02,7219.0
r50w50,4096,18.10,6074.9
r50w50,4096,18.13,4948.4
r50w50,4096,17.61,4263.2
r50w50,8192,207.55,69799.4
r50w50,8192,208.97,70020.0
r50w50,8192,211.41,68596.2
r50w50,8192,202.72,68322.6
r50w50,8192,181.43,64823.2
r50w50,8192,171.53,61997.8
r50w50,8192,150.12,48296.5
r50w50,8192,114.74,34411.2
r50w50,8192,103.83,27384.3
r50w50,8192,92.71,22837.8
r50w50,8192,100.24,17031.8
r50w50,8192,102.80,12435.7
r50w50,8192,109.13,9726.9
r50w50,8192,94.30,7751.7
r50w50,8192,34.66,6792.3
r50w50,8192,24.77,6155.7
r50w50,8192,21.87,5443.1
r50w50,8192,21.01,4458.9
r50w50,8192,21.86,3555.6
r50w50,16384,209.91,69715.4
r50w50,16384,208.84,70535.4
r50w50,16384,206.83,70927.2
r50w50,16384,198.38,69966.3
r50w50,16384,181.28,66232.8
r50w50,16384,171.57,63514.5
r50w50,16384,146.51,48945.6
r50w50,16384,115.95,35437.0
r50w50,16384,100.72,27996.7
r50w50,16384,98.99,23241.7
r50w50,16384,100.12,17595.4
r50w50,16384,99.24,12785.4
r50w50,16384,105.19,10208.9
r50w50,16384,107.07,7982.2
r50w50,16384,107.00,5701.5
r50w50,16384,103.74,4305.1
r50w50,16384,98.82,3257.7
r50w50,16384,56.40,2593.7
r50w50,16384,50.23,1923.8
r50w50,32768,203.80,71196.0
r50w50,32768,204.27,70781.1
r50w50,32768,203.94,70853.6
r50w50,32768,195.08,69941.4
r50w50,32768,181.37,65977.0
r50w50,32768,171.17,63632.1
r50w50,32768,146.06,49343.6
r50w50,32768,109.46,35823.4
r50w50,32768,102.67,28182.3
r50w50,32768,100.13,23647.1
r50w50,32768,97.31,17643.6
r50w50,32768,98.17,12861.3
r50w50,32768,108.50,10121.7
r50w50,32768,101.91,7935.6
r50w50,32768,102.02,5567.0
r50w50,32768,103.50,4278.6
r50w50,32768,108.61,3209.1
r50w50,32768,103.99,2085.9
r50w50,32768,117.02,1196.5
r50w50,65536,205.75,71251.8
r50w50,65536,206.81,70853.7
r50w50,65536,205.91,71178.7
r50w50,65536,198.61,69864.1
r50w50,65536,179.44,66747.1
r50w50,65536,173.50,63937.8
r50w50,65536,147.31,49395.9
r50w50,65536,110.22,35849.8
r50w50,65536,104.27,28518.8
r50w50,65536,98.22,23314.1
r50w50,65536,100.05,17690.9
r50w50,65536,106.48,12869.4
r50w50,65536,105.66,10198.1
r50w50,65536,106.39,8059.4
r50w50,65536,106.77,5736.0
r50w50,65536,107.67,4303.1
r50w50,65536,104.97,3195.2
r50w50,65536,108.67,2057.2
r50w50,65536,119.85,1187.1
r50w50,131072,207.23,71645.3
r50w50,131072,207.01,71666.2
r50w50,131072,206.12,71229.5
r50w50,131072,199.47,69481.6
r50w50,131072,181.81,66781.9
r50w50,131072,172.41,64865.7
r50w50,131072,146.14,49558.0
r50w50,131072,117.08,35771.5
r50w50,131072,104.44,28460.9
r50w50,131072,93.82,23685.4
r50w50,131072,91.46,17699.7
r50w50,131072,94.54,12945.6
r50w50,131072,102.62,10231.2
r50w50,131072,105.66,8050.6
r50w50,131072,105.81,5753.4
r50w50,131072,106.35,4267.0
r50w50,131072,105.12,3216.1
r50w50,131072,109.43,2061.9
r50w50,131072,116.09,1205.5
r50w50,262144,206.75,71654.8
r50w50,262144,207.47,71447.1
r50w50,262144,207.05,71408.4
r50w50,262144,196.34,70609.6
r50w50,262144,183.11,66876.7
r50w50,262144,173.42,64867.9
r50w50,262144,146.41,49682.0
r50w50,262144,114.10,36047.3
r50w50,262144,100.92,28614.6
r50w50,262144,102.99,23678.3
r50w50,262144,104.46,17665.2
r50w50,262144,104.94,12915.3
r50w50,262144,103.18,10207.1
r50w50,262144,103.60,8076.5
r50w50,262144,108.18,5765.8
r50w50,262144,108.47,4299.1
r50w50,262144,106.01,3229.8
r50w50,262144,107.30,2071.6
r50w50,262144,119.65,1187.3
r50w50,524288,227.06,67773.7
r50w50,524288,224.70,67495.7
r50w50,524288,209.41,70985.2
r50w50,524288,199.48,69980.6
r50w50,524288,181.91,66606.9
r50w50,524288,173.27,64548.7
r50w50,524288,145.91,49400.5
r50w50,524288,106.94,35682.3
r50w50,524288,102.61,28171.4
r50w50,524288,101.22,23283.4
r50w50,524288,105.17,16961.6
r50w50,524288,102.86,12277.6
r50w50,524288,110.25,10060.7
r50w50,524288,102.50,7961.1
r50w50,524288,108.44,5569.8
r50w50,524288,109.25,4271.7
r50w50,524288,106.78,3199.1
r50w50,524288,109.85,2047.6
r50w50,524288,125.59,1150.8
