kernel,dtype,N,trial,misaligned,tail_multiple,GFLOPs,CPE
saxpy,f32,1000,0,0,0,1.441092,2.081755
saxpy,f32,1000,1,0,0,2.166307,1.384845
saxpy,f32,1000,2,0,0,2.523270,1.188933
saxpy,f32,1000,3,0,0,1.823636,1.645065
saxpy,f32,1000,4,0,0,2.595084,1.156032
saxpy,f32,1000,5,0,0,2.449328,1.224826
saxpy,f32,1000,6,0,0,2.649934,1.132104
saxpy,f32,1000,7,0,0,2.292571,1.308574
saxpy,f32,1000,8,0,0,2.565217,1.169492
saxpy,f32,1000,9,0,0,2.703504,1.109671
saxpy,f32,1000,10,0,0,2.532828,1.184447
saxpy,f32,1000,11,0,0,2.122751,1.413260
saxpy,f32,1000,12,0,0,1.859129,1.613659
saxpy,f32,1000,13,0,0,1.988107,1.508973
saxpy,f32,1000,14,0,0,2.116034,1.417747
saxpy,f32,1000,15,0,0,2.385256,1.257727
saxpy,f32,1000,16,0,0,2.173348,1.380359
saxpy,f32,1000,17,0,0,2.732970,1.097707
saxpy,f32,1000,18,0,0,1.905033,1.574776
saxpy,f32,1000,19,0,0,2.467405,1.215852
saxpy,f32,1393,0,0,0,2.875386,1.043338
saxpy,f32,1393,1,0,0,3.119553,0.961676
saxpy,f32,1393,2,0,0,3.133558,0.957378
saxpy,f32,1393,3,0,0,3.144144,0.954155
saxpy,f32,1393,4,0,0,3.144144,0.954155
saxpy,f32,1393,5,0,0,3.147689,0.953080
saxpy,f32,1393,6,0,0,3.147689,0.953080
saxpy,f32,1393,7,0,0,3.137079,0.956304
saxpy,f32,1393,8,0,0,3.130045,0.958453
saxpy,f32,1393,9,0,0,3.130045,0.958453
saxpy,f32,1393,10,0,0,3.126540,0.959527
saxpy,f32,1393,11,0,0,3.144144,0.954155
saxpy,f32,1393,12,0,0,3.078280,0.974570
saxpy,f32,1393,13,0,0,3.130045,0.958453
saxpy,f32,1393,14,0,0,3.119553,0.961676
saxpy,f32,1393,15,0,0,3.151242,0.952006
saxpy,f32,1393,16,0,0,3.158371,0.949857
saxpy,f32,1393,17,0,0,3.147689,0.953080
saxpy,f32,1393,18,0,0,3.144144,0.954155
saxpy,f32,1393,19,0,0,3.133558,0.957378
saxpy,f32,1941,0,0,0,2.958904,1.013889
saxpy,f32,1941,1,0,0,3.197368,0.938272
saxpy,f32,1941,2,0,0,3.186885,0.941358
saxpy,f32,1941,3,0,0,3.221210,0.931327
saxpy,f32,1941,4,0,0,3.197368,0.938272
saxpy,f32,1941,5,0,0,3.205276,0.935957
saxpy,f32,1941,6,0,0,3.205276,0.935957
saxpy,f32,1941,7,0,0,3.213223,0.933642
saxpy,f32,1941,8,0,0,3.205276,0.935957
saxpy,f32,1941,9,0,0,3.218543,0.932099
saxpy,f32,1941,10,0,0,3.215881,0.932870
saxpy,f32,1941,11,0,0,3.207921,0.935185
saxpy,f32,1941,12,0,0,3.210570,0.934414
saxpy,f32,1941,13,0,0,3.200000,0.937500
saxpy,f32,1941,14,0,0,3.202636,0.936728
saxpy,f32,1941,15,0,0,3.207921,0.935185
saxpy,f32,1941,16,0,0,3.202636,0.936728
saxpy,f32,1941,17,0,0,3.213223,0.933642
saxpy,f32,1941,18,0,0,3.171289,0.945988
saxpy,f32,1941,19,0,0,3.213223,0.933642
saxpy,f32,2704,0,0,0,3.173505,0.945327
saxpy,f32,2704,1,0,0,3.241916,0.925379
saxpy,f32,2704,2,0,0,3.230310,0.928703
saxpy,f32,2704,3,0,0,3.251652,0.922608
saxpy,f32,2704,4,0,0,3.265380,0.918729
saxpy,f32,2704,5,0,0,3.261446,0.919837
saxpy,f32,2704,6,0,0,3.257521,0.920946
saxpy,f32,2704,7,0,0,3.259482,0.920392
saxpy,f32,2704,8,0,0,3.251652,0.922608
saxpy,f32,2704,9,0,0,3.255562,0.921500
saxpy,f32,2704,10,0,0,3.261446,0.919837
saxpy,f32,2704,11,0,0,3.261446,0.919837
saxpy,f32,2704,12,0,0,3.253606,0.922054
saxpy,f32,2704,13,0,0,3.253606,0.922054
saxpy,f32,2704,14,0,0,3.249700,0.923162
saxpy,f32,2704,15,0,0,3.253606,0.922054
saxpy,f32,2704,16,0,0,3.257521,0.920946
saxpy,f32,2704,17,0,0,3.251652,0.922608
saxpy,f32,2704,18,0,0,3.261446,0.919837
saxpy,f32,2704,19,0,0,3.265380,0.918729
saxpy,f32,3767,0,0,0,3.154812,0.950928
saxpy,f32,3767,1,0,0,3.285403,0.913130
saxpy,f32,3767,2,0,0,3.285403,0.913130
saxpy,f32,3767,3,0,0,3.288269,0.912334
saxpy,f32,3767,4,0,0,3.295455,0.910345
saxpy,f32,3767,5,0,0,3.298338,0.909549
saxpy,f32,3767,6,0,0,3.296895,0.909947
saxpy,f32,3767,7,0,0,3.285403,0.913130
saxpy,f32,3767,8,0,0,3.286835,0.912732
saxpy,f32,3767,9,0,0,3.291139,0.911538
saxpy,f32,3767,10,0,0,3.299781,0.909151
saxpy,f32,3767,11,0,0,3.291139,0.911538
saxpy,f32,3767,12,0,0,3.292576,0.911141
saxpy,f32,3767,13,0,0,3.291139,0.911538
saxpy,f32,3767,14,0,0,3.301226,0.908753
saxpy,f32,3767,15,0,0,3.301226,0.908753
saxpy,f32,3767,16,0,0,3.295455,0.910345
saxpy,f32,3767,17,0,0,3.291139,0.911538
saxpy,f32,3767,18,0,0,3.296895,0.909947
saxpy,f32,3767,19,0,0,3.304119,0.907958
saxpy,f32,5248,0,0,0,3.263518,0.919253
saxpy,f32,5248,1,0,0,3.310845,0.906113
saxpy,f32,5248,2,0,0,3.322366,0.902971
saxpy,f32,5248,3,0,0,3.319216,0.903828
saxpy,f32,5248,4,0,0,3.318167,0.904114
saxpy,f32,5248,5,0,0,3.307717,0.906970
saxpy,f32,5248,6,0,0,3.321316,0.903257
saxpy,f32,5248,7,0,0,3.312934,0.905542
saxpy,f32,5248,8,0,0,3.324470,0.902400
saxpy,f32,5248,9,0,0,3.320266,0.903542
saxpy,f32,5248,10,0,0,3.315025,0.904970
saxpy,f32,5248,11,0,0,3.319216,0.903828
saxpy,f32,5248,12,0,0,3.327630,0.901543
saxpy,f32,5248,13,0,0,3.320266,0.903542
saxpy,f32,5248,14,0,0,3.319216,0.903828
saxpy,f32,5248,15,0,0,3.327630,0.901543
saxpy,f32,5248,16,0,0,3.318167,0.904114
saxpy,f32,5248,17,0,0,3.312934,0.905542
saxpy,f32,5248,18,0,0,3.323418,0.902685
saxpy,f32,5248,19,0,0,3.323418,0.902685
saxpy,f32,7312,0,0,0,3.294303,0.910663
saxpy,f32,7312,1,0,0,3.322734,0.902871
saxpy,f32,7312,2,0,0,3.159145,0.949624
saxpy,f32,7312,3,0,0,3.328025,0.901435
saxpy,f32,7312,4,0,0,3.319719,0.903691
saxpy,f32,7312,5,0,0,3.336374,0.899180
saxpy,f32,7312,6,0,0,3.238158,0.926452
saxpy,f32,7312,7,0,0,3.327269,0.901640
saxpy,f32,7312,8,0,0,3.324244,0.902461
saxpy,f32,7312,9,0,0,3.326512,0.901846
saxpy,f32,7312,10,0,0,3.236010,0.927068
saxpy,f32,7312,11,0,0,3.327269,0.901640
saxpy,f32,7312,12,0,0,3.314454,0.905126
saxpy,f32,7312,13,0,0,3.325756,0.902051
saxpy,f32,7312,14,0,0,3.304721,0.907792
saxpy,f32,7312,15,0,0,3.323489,0.902666
saxpy,f32,7312,16,0,0,3.308458,0.906767
saxpy,f32,7312,17,0,0,3.316708,0.904511
saxpy,f32,7312,18,0,0,3.315956,0.904716
saxpy,f32,7312,19,0,0,3.328783,0.901230
saxpy,f32,10186,0,0,0,2.538366,1.181863
saxpy,f32,10186,1,0,0,2.540264,1.180979
saxpy,f32,10186,2,0,0,2.554274,1.174502
saxpy,f32,10186,3,0,0,2.554274,1.174502
saxpy,f32,10186,4,0,0,2.549481,1.176710
saxpy,f32,10186,5,0,0,2.559407,1.172146
saxpy,f32,10186,6,0,0,2.757137,1.088085
saxpy,f32,10186,7,0,0,3.335188,0.899499
saxpy,f32,10186,8,0,0,3.160360,0.949259
saxpy,f32,10186,9,0,0,3.272523,0.916724
saxpy,f32,10186,10,0,0,3.341751,0.897733
saxpy,f32,10186,11,0,0,3.348340,0.895966
saxpy,f32,10186,12,0,0,3.335734,0.899352
saxpy,f32,10186,13,0,0,2.712726,1.105899
saxpy,f32,10186,14,0,0,3.336280,0.899205
saxpy,f32,10186,15,0,0,3.335734,0.899352
saxpy,f32,10186,16,0,0,3.250080,0.923054
saxpy,f32,10186,17,0,0,2.320428,1.292865
saxpy,f32,10186,18,0,0,2.365409,1.268280
saxpy,f32,10186,19,0,0,2.299481,1.304642
saxpy,f32,14191,0,0,0,3.009116,0.996971
saxpy,f32,14191,1,0,0,3.179659,0.943497
saxpy,f32,14191,2,0,0,3.001163,0.999613
saxpy,f32,14191,3,0,0,3.009435,0.996865
saxpy,f32,14191,4,0,0,3.083641,0.972876
saxpy,f32,14191,5,0,0,2.938108,1.021065
saxpy,f32,14191,6,0,0,2.894372,1.036494
saxpy,f32,14191,7,0,0,2.206950,1.359342
saxpy,f32,14191,8,0,0,3.036799,0.987882
saxpy,f32,14191,9,0,0,2.794094,1.073693
saxpy,f32,14191,10,0,0,2.899694,1.034592
saxpy,f32,14191,11,0,0,2.912187,1.030154
saxpy,f32,14191,12,0,0,2.942676,1.019480
saxpy,f32,14191,13,0,0,2.834831,1.058264
saxpy,f32,14191,14,0,0,3.305158,0.907672
saxpy,f32,14191,15,0,0,2.883494,1.040404
saxpy,f32,14191,16,0,0,2.878232,1.042307
saxpy,f32,14191,17,0,0,3.003386,0.998873
saxpy,f32,14191,18,0,0,2.988525,1.003840
saxpy,f32,14191,19,0,0,2.827772,1.060906
saxpy,f32,19771,0,0,0,3.165866,0.947608
saxpy,f32,19771,1,0,0,3.220521,0.931526
saxpy,f32,19771,2,0,0,2.992207,1.002604
saxpy,f32,19771,3,0,0,2.980705,1.006473
saxpy,f32,19771,4,0,0,3.015019,0.995019
saxpy,f32,19771,5,0,0,3.070497,0.977041
saxpy,f32,19771,6,0,0,2.944751,1.018762
saxpy,f32,19771,7,0,0,3.064311,0.979013
saxpy,f32,19771,8,0,0,3.284172,0.913472
saxpy,f32,19771,9,0,0,3.206421,0.935623
saxpy,f32,19771,10,0,0,2.919318,1.027637
saxpy,f32,19771,11,0,0,2.997878,1.000708
saxpy,f32,19771,12,0,0,3.058623,0.980833
saxpy,f32,19771,13,0,0,3.326716,0.901790
saxpy,f32,19771,14,0,0,0.253724,11.823860
saxpy,f32,19771,15,0,0,2.387155,1.256726
saxpy,f32,19771,16,0,0,3.109608,0.964752
saxpy,f32,19771,17,0,0,2.290115,1.309978
saxpy,f32,19771,18,0,0,2.359807,1.271291
saxpy,f32,19771,19,0,0,2.429985,1.234576
saxpy,f32,27544,0,0,0,3.128563,0.958907
saxpy,f32,27544,1,0,0,3.272976,0.916597
saxpy,f32,27544,2,0,0,3.079081,0.974317
saxpy,f32,27544,3,0,0,2.954260,1.015483
saxpy,f32,27544,4,0,0,3.314922,0.904999
saxpy,f32,27544,5,0,0,3.213977,0.933423
saxpy,f32,27544,6,0,0,2.947464,1.017824
saxpy,f32,27544,7,0,0,3.043363,0.985752
saxpy,f32,27544,8,0,0,3.015545,0.994845
saxpy,f32,27544,9,0,0,3.334988,0.899553
saxpy,f32,27544,10,0,0,3.369664,0.890297
saxpy,f32,27544,11,0,0,3.150569,0.952209
saxpy,f32,27544,12,0,0,2.902740,1.033506
saxpy,f32,27544,13,0,0,2.961406,1.013032
saxpy,f32,27544,14,0,0,3.082699,0.973173
saxpy,f32,27544,15,0,0,3.348772,0.895851
saxpy,f32,27544,16,0,0,2.925863,1.025339
saxpy,f32,27544,17,0,0,2.909792,1.031002
saxpy,f32,27544,18,0,0,2.874420,1.043689
saxpy,f32,27544,19,0,0,2.861134,1.048535
saxpy,f32,38374,0,0,0,1.036012,2.895719
saxpy,f32,38374,1,0,0,1.595983,1.879720
saxpy,f32,38374,2,0,0,2.203359,1.361558
saxpy,f32,38374,3,0,0,2.460932,1.219050
saxpy,f32,38374,4,0,0,2.542955,1.179730
saxpy,f32,38374,5,0,0,2.010794,1.491948
saxpy,f32,38374,6,0,0,2.444706,1.227141
saxpy,f32,38374,7,0,0,2.337068,1.283659
saxpy,f32,38374,8,0,0,1.811176,1.656383
saxpy,f32,38374,9,0,0,2.578060,1.163666
saxpy,f32,38374,10,0,0,2.148407,1.396383
saxpy,f32,38374,11,0,0,2.548358,1.177229
saxpy,f32,38374,12,0,0,2.579880,1.162845
saxpy,f32,38374,13,0,0,2.526714,1.187313
saxpy,f32,38374,14,0,0,2.103656,1.426089
saxpy,f32,38374,15,0,0,2.551832,1.175626
saxpy,f32,38374,16,0,0,2.280883,1.315280
saxpy,f32,38374,17,0,0,2.379748,1.260638
saxpy,f32,38374,18,0,0,2.079829,1.442426
saxpy,f32,38374,19,0,0,2.612457,1.148344
saxpy,f32,53461,0,0,0,2.137064,1.403795
saxpy,f32,53461,1,0,0,2.094656,1.432216
saxpy,f32,53461,2,0,0,2.548150,1.177325
saxpy,f32,53461,3,0,0,1.197684,2.504835
saxpy,f32,53461,4,0,0,2.369071,1.266319
saxpy,f32,53461,5,0,0,2.461453,1.218792
saxpy,f32,53461,6,0,0,2.458511,1.220251
saxpy,f32,53461,7,0,0,2.401419,1.249261
saxpy,f32,53461,8,0,0,2.477594,1.210852
saxpy,f32,53461,9,0,0,0.889377,3.373148
saxpy,f32,53461,10,0,0,0.410944,7.300267
saxpy,f32,53461,11,0,0,1.192568,2.515581
saxpy,f32,53461,12,0,0,0.894451,3.354014
saxpy,f32,53461,13,0,0,2.134973,1.405170
saxpy,f32,53461,14,0,0,1.125807,2.664756
saxpy,f32,53461,15,0,0,0.907169,3.306992
saxpy,f32,53461,16,0,0,0.819541,3.660585
saxpy,f32,53461,17,0,0,0.684668,4.381687
saxpy,f32,53461,18,0,0,2.392393,1.253975
saxpy,f32,53461,19,0,0,2.601275,1.153281
saxpy,f32,74480,0,0,0,2.374868,1.263228
saxpy,f32,74480,1,0,0,2.327994,1.288663
saxpy,f32,74480,2,0,0,2.581823,1.161970
saxpy,f32,74480,3,0,0,2.297121,1.305983
saxpy,f32,74480,4,0,0,3.121406,0.961105
saxpy,f32,74480,5,0,0,3.123566,0.960441
saxpy,f32,74480,6,0,0,2.521855,1.189600
saxpy,f32,74480,7,0,0,2.827269,1.061094
saxpy,f32,74480,8,0,0,2.425406,1.236906
saxpy,f32,74480,9,0,0,2.376649,1.262281
saxpy,f32,74480,10,0,0,2.351142,1.275976
saxpy,f32,74480,11,0,0,2.993810,1.002068
saxpy,f32,74480,12,0,0,3.049707,0.983701
saxpy,f32,74480,13,0,0,3.195872,0.938711
saxpy,f32,74480,14,0,0,2.976879,1.007767
saxpy,f32,74480,15,0,0,3.035724,0.988232
saxpy,f32,74480,16,0,0,3.136126,0.956594
saxpy,f32,74480,17,0,0,3.207640,0.935267
saxpy,f32,74480,18,0,0,3.076221,0.975223
saxpy,f32,74480,19,0,0,2.471111,1.214029
saxpy,f32,103763,0,0,0,1.353481,2.216506
saxpy,f32,103763,1,0,0,3.092231,0.970173
saxpy,f32,103763,2,0,0,3.073546,0.976071
saxpy,f32,103763,3,0,0,3.148431,0.952855
saxpy,f32,103763,4,0,0,3.213515,0.933557
saxpy,f32,103763,5,0,0,3.076280,0.975204
saxpy,f32,103763,6,0,0,3.147095,0.953260
saxpy,f32,103763,7,0,0,2.943048,1.019351
saxpy,f32,103763,8,0,0,3.120313,0.961442
saxpy,f32,103763,9,0,0,3.053558,0.982461
saxpy,f32,103763,10,0,0,1.885283,1.591273
saxpy,f32,103763,11,0,0,2.994214,1.001932
saxpy,f32,103763,12,0,0,1.599784,1.875253
saxpy,f32,103763,13,0,0,1.671798,1.794475
saxpy,f32,103763,14,0,0,2.567258,1.168562
saxpy,f32,103763,15,0,0,1.509972,1.986792
saxpy,f32,103763,16,0,0,2.652607,1.130963
saxpy,f32,103763,17,0,0,2.913875,1.029557
saxpy,f32,103763,18,0,0,3.102865,0.966848
saxpy,f32,103763,19,0,0,2.315947,1.295366
saxpy,f32,144560,0,0,0,3.110654,0.964427
saxpy,f32,144560,1,0,0,3.343077,0.897377
saxpy,f32,144560,2,0,0,2.058071,1.457676
saxpy,f32,144560,3,0,0,3.430704,0.874456
saxpy,f32,144560,4,0,0,3.526916,0.850601
saxpy,f32,144560,5,0,0,3.538051,0.847924
saxpy,f32,144560,6,0,0,3.568091,0.840786
saxpy,f32,144560,7,0,0,3.530620,0.849709
saxpy,f32,144560,8,0,0,3.499129,0.857356
saxpy,f32,144560,9,0,0,3.491818,0.859151
saxpy,f32,144560,10,0,0,2.638179,1.137148
saxpy,f32,144560,11,0,0,3.851265,0.778965
saxpy,f32,144560,12,0,0,2.348613,1.277350
saxpy,f32,144560,13,0,0,2.791627,1.074642
saxpy,f32,144560,14,0,0,3.529586,0.849958
saxpy,f32,144560,15,0,0,3.916264,0.766036
saxpy,f32,144560,16,0,0,3.633925,0.825554
saxpy,f32,144560,17,0,0,3.428466,0.875027
saxpy,f32,144560,18,0,0,4.165540,0.720195
saxpy,f32,144560,19,0,0,3.441976,0.871592
saxpy,f32,201396,0,0,0,3.751704,0.799637
saxpy,f32,201396,1,0,0,0.720735,4.162416
saxpy,f32,201396,2,0,0,2.265239,1.324364
saxpy,f32,201396,3,0,0,3.991419,0.751612
saxpy,f32,201396,4,0,0,2.166384,1.384796
saxpy,f32,201396,5,0,0,4.140392,0.724569
saxpy,f32,201396,6,0,0,4.008299,0.748447
saxpy,f32,201396,7,0,0,4.067845,0.737491
saxpy,f32,201396,8,0,0,4.084841,0.734423
saxpy,f32,201396,9,0,0,3.906564,0.767938
saxpy,f32,201396,10,0,0,4.185871,0.716697
saxpy,f32,201396,11,0,0,4.335777,0.691918
saxpy,f32,201396,12,0,0,2.555646,1.173871
saxpy,f32,201396,13,0,0,3.382242,0.886986
saxpy,f32,201396,14,0,0,3.449056,0.869803
saxpy,f32,201396,15,0,0,2.255952,1.329815
saxpy,f32,201396,16,0,0,3.541206,0.847169
saxpy,f32,201396,17,0,0,3.575278,0.839096
saxpy,f32,201396,18,0,0,2.025281,1.481276
saxpy,f32,201396,19,0,0,3.223519,0.930660
saxpy,f32,280578,0,0,0,3.323888,0.902558
saxpy,f32,280578,1,0,0,4.174381,0.718669
saxpy,f32,280578,2,0,0,4.264732,0.703444
saxpy,f32,280578,3,0,0,4.045810,0.741508
saxpy,f32,280578,4,0,0,3.520729,0.852096
saxpy,f32,280578,5,0,0,3.283339,0.913704
saxpy,f32,280578,6,0,0,3.606602,0.831808
saxpy,f32,280578,7,0,0,2.828680,1.060565
saxpy,f32,280578,8,0,0,3.357196,0.893603
saxpy,f32,280578,9,0,0,3.371537,0.889802
saxpy,f32,280578,10,0,0,3.547863,0.845579
saxpy,f32,280578,11,0,0,3.547729,0.845611
saxpy,f32,280578,12,0,0,2.137622,1.403429
saxpy,f32,280578,13,0,0,1.819173,1.649101
saxpy,f32,280578,14,0,0,1.474864,2.034086
saxpy,f32,280578,15,0,0,3.479708,0.862141
saxpy,f32,280578,16,0,0,3.549210,0.845259
saxpy,f32,280578,17,0,0,3.569528,0.840447
saxpy,f32,280578,18,0,0,3.537664,0.848017
saxpy,f32,280578,19,0,0,2.757485,1.087948
saxpy,f32,390892,0,0,0,3.158173,0.949916
saxpy,f32,390892,1,0,0,4.255844,0.704913
saxpy,f32,390892,2,0,0,2.143923,1.399304
saxpy,f32,390892,3,0,0,4.251516,0.705631
saxpy,f32,390892,4,0,0,4.209146,0.712734
saxpy,f32,390892,5,0,0,4.273267,0.702039
saxpy,f32,390892,6,0,0,4.186583,0.716575
saxpy,f32,390892,7,0,0,4.215956,0.711582
saxpy,f32,390892,8,0,0,2.402064,1.248926
saxpy,f32,390892,9,0,0,2.446649,1.226167
saxpy,f32,390892,10,0,0,3.954546,0.758621
saxpy,f32,390892,11,0,0,3.206515,0.935595
saxpy,f32,390892,12,0,0,4.232664,0.708773
saxpy,f32,390892,13,0,0,3.592719,0.835022
saxpy,f32,390892,14,0,0,3.167155,0.947222
saxpy,f32,390892,15,0,0,2.281946,1.314668
saxpy,f32,390892,16,0,0,3.811527,0.787086
saxpy,f32,390892,17,0,0,4.371938,0.686195
saxpy,f32,390892,18,0,0,3.635793,0.825130
saxpy,f32,390892,19,0,0,2.515889,1.192421
saxpy,f32,544578,0,0,0,2.189755,1.370017
saxpy,f32,544578,1,0,0,2.905773,1.032428
saxpy,f32,544578,2,0,0,4.394724,0.682637
saxpy,f32,544578,3,0,0,3.532455,0.849268
saxpy,f32,544578,4,0,0,3.677849,0.815694
saxpy,f32,544578,5,0,0,2.936039,1.021785
saxpy,f32,544578,6,0,0,4.218468,0.711159
saxpy,f32,544578,7,0,0,2.123802,1.412561
saxpy,f32,544578,8,0,0,3.274021,0.916304
saxpy,f32,544578,9,0,0,3.049354,0.983815
saxpy,f32,544578,10,0,0,4.213751,0.711955
saxpy,f32,544578,11,0,0,4.143869,0.723961
saxpy,f32,544578,12,0,0,4.371318,0.686292
saxpy,f32,544578,13,0,0,4.249344,0.705991
saxpy,f32,544578,14,0,0,2.642635,1.135231
saxpy,f32,544578,15,0,0,3.891824,0.770847
saxpy,f32,544578,16,0,0,3.325777,0.902045
saxpy,f32,544578,17,0,0,4.406191,0.680860
saxpy,f32,544578,18,0,0,4.470778,0.671024
saxpy,f32,544578,19,0,0,4.592210,0.653280
saxpy,f32,758688,0,0,0,3.679313,0.815369
saxpy,f32,758688,1,0,0,0.655736,4.575011
saxpy,f32,758688,2,0,0,3.883881,0.772423
saxpy,f32,758688,3,0,0,3.826545,0.783997
saxpy,f32,758688,4,0,0,4.190772,0.715859
saxpy,f32,758688,5,0,0,2.873928,1.043868
saxpy,f32,758688,6,0,0,3.707968,0.809069
saxpy,f32,758688,7,0,0,3.938561,0.761699
saxpy,f32,758688,8,0,0,4.049289,0.740871
saxpy,f32,758688,9,0,0,4.373703,0.685918
saxpy,f32,758688,10,0,0,4.331899,0.692537
saxpy,f32,758688,11,0,0,4.470528,0.671062
saxpy,f32,758688,12,0,0,4.390446,0.683302
saxpy,f32,758688,13,0,0,4.485262,0.668857
saxpy,f32,758688,14,0,0,4.557866,0.658203
saxpy,f32,758688,15,0,0,3.059238,0.980636
saxpy,f32,758688,16,0,0,4.158305,0.721448
saxpy,f32,758688,17,0,0,4.372430,0.686117
saxpy,f32,758688,18,0,0,4.218078,0.711224
saxpy,f32,758688,19,0,0,4.502403,0.666311
saxpy,f32,1056978,0,0,0,2.860211,1.048874
saxpy,f32,1056978,1,0,0,4.116002,0.728863
saxpy,f32,1056978,2,0,0,3.247368,0.923825
saxpy,f32,1056978,3,0,0,3.320430,0.903497
saxpy,f32,1056978,4,0,0,3.371088,0.889920
saxpy,f32,1056978,5,0,0,2.818691,1.064324
saxpy,f32,1056978,6,0,0,3.824065,0.784506
saxpy,f32,1056978,7,0,0,3.282218,0.914016
saxpy,f32,1056978,8,0,0,3.673459,0.816669
saxpy,f32,1056978,9,0,0,3.927275,0.763888
saxpy,f32,1056978,10,0,0,4.163326,0.720578
saxpy,f32,1056978,11,0,0,4.045938,0.741484
saxpy,f32,1056978,12,0,0,4.306483,0.696624
saxpy,f32,1056978,13,0,0,3.202405,0.936796
saxpy,f32,1056978,14,0,0,1.640170,1.829079
saxpy,f32,1056978,15,0,0,3.786779,0.792230
saxpy,f32,1056978,16,0,0,4.297649,0.698056
saxpy,f32,1056978,17,0,0,4.234191,0.708518
saxpy,f32,1056978,18,0,0,3.152701,0.951565
saxpy,f32,1056978,19,0,0,2.465705,1.216691
saxpy,f32,1472547,0,0,0,2.063901,1.453558
saxpy,f32,1472547,1,0,0,2.297987,1.305490
saxpy,f32,1472547,2,0,0,2.617194,1.146266
saxpy,f32,1472547,3,0,0,2.891952,1.037362
saxpy,f32,1472547,4,0,0,3.512067,0.854198
saxpy,f32,1472547,5,0,0,2.723593,1.101486
saxpy,f32,1472547,6,0,0,2.673968,1.121928
saxpy,f32,1472547,7,0,0,3.111158,0.964271
saxpy,f32,1472547,8,0,0,2.525932,1.187681
saxpy,f32,1472547,9,0,0,3.479478,0.862198
saxpy,f32,1472547,10,0,0,4.001973,0.749630
saxpy,f32,1472547,11,0,0,4.084166,0.734544
saxpy,f32,1472547,12,0,0,4.339325,0.691352
saxpy,f32,1472547,13,0,0,3.011882,0.996055
saxpy,f32,1472547,14,0,0,3.009054,0.996991
saxpy,f32,1472547,15,0,0,3.401806,0.881884
saxpy,f32,1472547,16,0,0,4.173333,0.718850
saxpy,f32,1472547,17,0,0,2.887432,1.038985
saxpy,f32,1472547,18,0,0,3.835195,0.782229
saxpy,f32,1472547,19,0,0,3.904042,0.768434
saxpy,f32,2051504,0,0,0,2.656305,1.129388
saxpy,f32,2051504,1,0,0,3.384915,0.886285
saxpy,f32,2051504,2,0,0,3.690381,0.812924
saxpy,f32,2051504,3,0,0,2.581634,1.162055
saxpy,f32,2051504,4,0,0,3.033818,0.988853
saxpy,f32,2051504,5,0,0,2.597964,1.154750
saxpy,f32,2051504,6,0,0,1.692260,1.772778
saxpy,f32,2051504,7,0,0,1.754934,1.709466
saxpy,f32,2051504,8,0,0,2.625205,1.142768
saxpy,f32,2051504,9,0,0,3.107195,0.965501
saxpy,f32,2051504,10,0,0,3.352820,0.894769
saxpy,f32,2051504,11,0,0,3.668187,0.817843
saxpy,f32,2051504,12,0,0,3.936360,0.762125
saxpy,f32,2051504,13,0,0,2.546229,1.178213
saxpy,f32,2051504,14,0,0,3.011274,0.996256
saxpy,f32,2051504,15,0,0,2.812709,1.066587
saxpy,f32,2051504,16,0,0,3.075852,0.975340
saxpy,f32,2051504,17,0,0,2.080878,1.441699
saxpy,f32,2051504,18,0,0,2.319943,1.293135
saxpy,f32,2051504,19,0,0,2.641788,1.135594
saxpy,f32,2858088,0,0,0,1.690013,1.775134
saxpy,f32,2858088,1,0,0,2.323174,1.291337
saxpy,f32,2858088,2,0,0,1.568389,1.912791
saxpy,f32,2858088,3,0,0,2.063035,1.454169
saxpy,f32,2858088,4,0,0,1.665727,1.801015
saxpy,f32,2858088,5,0,0,2.371753,1.264887
saxpy,f32,2858088,6,0,0,2.478538,1.210391
saxpy,f32,2858088,7,0,0,2.510831,1.194824
saxpy,f32,2858088,8,0,0,2.460939,1.219047
saxpy,f32,2858088,9,0,0,1.306501,2.296210
saxpy,f32,2858088,10,0,0,2.242555,1.337760
saxpy,f32,2858088,11,0,0,2.265019,1.324492
saxpy,f32,2858088,12,0,0,2.353163,1.274880
saxpy,f32,2858088,13,0,0,2.919868,1.027444
saxpy,f32,2858088,14,0,0,2.419071,1.240146
saxpy,f32,2858088,15,0,0,2.425148,1.237038
saxpy,f32,2858088,16,0,0,2.622588,1.143908
saxpy,f32,2858088,17,0,0,2.628694,1.141251
saxpy,f32,2858088,18,0,0,2.354565,1.274121
saxpy,f32,2858088,19,0,0,2.557632,1.172960
saxpy,f32,3981793,0,0,0,2.507755,1.196289
saxpy,f32,3981793,1,0,0,2.447173,1.225904
saxpy,f32,3981793,2,0,0,2.607976,1.150317
saxpy,f32,3981793,3,0,0,1.855982,1.616395
saxpy,f32,3981793,4,0,0,2.428246,1.235459
saxpy,f32,3981793,5,0,0,1.828188,1.640969
saxpy,f32,3981793,6,0,0,2.039958,1.470619
saxpy,f32,3981793,7,0,0,1.983775,1.512268
saxpy,f32,3981793,8,0,0,1.948328,1.539781
saxpy,f32,3981793,9,0,0,2.173263,1.380413
saxpy,f32,3981793,10,0,0,1.847810,1.623543
saxpy,f32,3981793,11,0,0,2.348709,1.277297
saxpy,f32,3981793,12,0,0,1.742565,1.721600
saxpy,f32,3981793,13,0,0,2.732649,1.097836
saxpy,f32,3981793,14,0,0,2.569467,1.167557
saxpy,f32,3981793,15,0,0,2.812155,1.066798
saxpy,f32,3981793,16,0,0,1.411314,2.125679
saxpy,f32,3981793,17,0,0,2.618262,1.145798
saxpy,f32,3981793,18,0,0,2.218896,1.352024
saxpy,f32,3981793,19,0,0,2.145045,1.398572
saxpy,f32,5547302,0,0,0,2.345450,1.279072
saxpy,f32,5547302,1,0,0,2.525021,1.188109
saxpy,f32,5547302,2,0,0,2.135765,1.404649
saxpy,f32,5547302,3,0,0,2.669702,1.123721
saxpy,f32,5547302,4,0,0,2.481686,1.208855
saxpy,f32,5547302,5,0,0,2.237480,1.340794
saxpy,f32,5547302,6,0,0,2.658561,1.128430
saxpy,f32,5547302,7,0,0,2.332630,1.286102
saxpy,f32,5547302,8,0,0,2.206280,1.359755
saxpy,f32,5547302,9,0,0,2.355419,1.273659
saxpy,f32,5547302,10,0,0,2.444891,1.227049
saxpy,f32,5547302,11,0,0,2.389416,1.255537
saxpy,f32,5547302,12,0,0,2.546116,1.178265
saxpy,f32,5547302,13,0,0,2.470874,1.214145
saxpy,f32,5547302,14,0,0,2.711211,1.106517
saxpy,f32,5547302,15,0,0,2.658208,1.128580
saxpy,f32,5547302,16,0,0,2.370671,1.265464
saxpy,f32,5547302,17,0,0,1.912060,1.568989
saxpy,f32,5547302,18,0,0,2.256381,1.329563
saxpy,f32,5547302,19,0,0,1.615329,1.857207
saxpy,f32,7728318,0,0,0,3.044502,0.985383
saxpy,f32,7728318,1,0,0,1.999815,1.500139
saxpy,f32,7728318,2,0,0,2.059561,1.456621
saxpy,f32,7728318,3,0,0,2.182297,1.374699
saxpy,f32,7728318,4,0,0,2.866597,1.046537
saxpy,f32,7728318,5,0,0,2.454499,1.222245
saxpy,f32,7728318,6,0,0,2.390780,1.254821
saxpy,f32,7728318,7,0,0,3.177828,0.944041
saxpy,f32,7728318,8,0,0,3.512238,0.854156
saxpy,f32,7728318,9,0,0,2.811981,1.066863
saxpy,f32,7728318,10,0,0,2.421195,1.239057
saxpy,f32,7728318,11,0,0,2.151512,1.394369
saxpy,f32,7728318,12,0,0,2.428156,1.235505
saxpy,f32,7728318,13,0,0,2.162847,1.387060
saxpy,f32,7728318,14,0,0,1.985387,1.511040
saxpy,f32,7728318,15,0,0,1.051608,2.852774
saxpy,f32,7728318,16,0,0,1.170544,2.562910
saxpy,f32,7728318,17,0,0,0.902812,3.322950
saxpy,f32,7728318,18,0,0,1.807104,1.660114
saxpy,f32,7728318,19,0,0,1.502488,1.996689
saxpy,f32,10766836,0,0,0,2.546794,1.177951
saxpy,f32,10766836,1,0,0,2.101968,1.427234
saxpy,f32,10766836,2,0,0,2.116182,1.417647
saxpy,f32,10766836,3,0,0,2.022971,1.482968
saxpy,f32,10766836,4,0,0,2.076180,1.444961
saxpy,f32,10766836,5,0,0,2.153470,1.393101
saxpy,f32,10766836,6,0,0,1.727062,1.737054
saxpy,f32,10766836,7,0,0,2.311551,1.297830
saxpy,f32,10766836,8,0,0,2.696987,1.112352
saxpy,f32,10766836,9,0,0,1.626292,1.844688
saxpy,f32,10766836,10,0,0,2.065859,1.452181
saxpy,f32,10766836,11,0,0,1.664043,1.802838
saxpy,f32,10766836,12,0,0,1.954797,1.534686
saxpy,f32,10766836,13,0,0,2.034235,1.474756
saxpy,f32,10766836,14,0,0,1.905073,1.574743
saxpy,f32,10766836,15,0,0,1.931611,1.553108
saxpy,f32,10766836,16,0,0,1.806654,1.660528
saxpy,f32,10766836,17,0,0,2.227491,1.346807
saxpy,f32,10766836,18,0,0,1.499548,2.000603
saxpy,f32,10766836,19,0,0,1.645773,1.822852
saxpy,f32,15000000,0,0,0,2.588460,1.158990
saxpy,f32,15000000,1,0,0,2.215099,1.354341
saxpy,f32,15000000,2,0,0,1.938885,1.547281
saxpy,f32,15000000,3,0,0,2.905076,1.032675
saxpy,f32,15000000,4,0,0,3.058095,0.981003
saxpy,f32,15000000,5,0,0,2.364460,1.268789
saxpy,f32,15000000,6,0,0,2.806899,1.068795
saxpy,f32,15000000,7,0,0,2.421312,1.238998
saxpy,f32,15000000,8,0,0,2.814385,1.065952
saxpy,f32,15000000,9,0,0,2.931364,1.023414
saxpy,f32,15000000,10,0,0,2.407458,1.246127
saxpy,f32,15000000,11,0,0,2.994665,1.001782
saxpy,f32,15000000,12,0,0,2.418161,1.240612
saxpy,f32,15000000,13,0,0,1.939508,1.546784
saxpy,f32,15000000,14,0,0,2.460149,1.219438
saxpy,f32,15000000,15,0,0,3.131267,0.958079
saxpy,f32,15000000,16,0,0,2.998214,1.000596
saxpy,f32,15000000,17,0,0,2.734614,1.097047
saxpy,f32,15000000,18,0,0,2.412064,1.243748
saxpy,f32,15000000,19,0,0,2.399534,1.250243
saxpy,f32,1000,0,0,1,3.120125,0.961500
saxpy,f32,1000,1,0,1,3.883495,0.772500
saxpy,f32,1000,2,0,1,4.264392,0.703500
saxpy,f32,1000,3,0,1,4.081633,0.735000
saxpy,f32,1000,4,0,1,4.073320,0.736500
saxpy,f32,1000,5,0,1,4.237288,0.708000
saxpy,f32,1000,6,0,1,4.310345,0.696000
saxpy,f32,1000,7,0,1,3.824092,0.784500
saxpy,f32,1000,8,0,1,3.696858,0.811500
saxpy,f32,1000,9,0,1,4.081633,0.735000
saxpy,f32,1000,10,0,1,4.065041,0.738000
saxpy,f32,1000,11,0,1,4.310345,0.696000
saxpy,f32,1000,12,0,1,4.301075,0.697500
saxpy,f32,1000,13,0,1,4.184100,0.717000
saxpy,f32,1000,14,0,1,4.149378,0.723000
saxpy,f32,1000,15,0,1,3.976143,0.754500
saxpy,f32,1000,16,0,1,3.960396,0.757500
saxpy,f32,1000,17,0,1,3.952569,0.759000
saxpy,f32,1000,18,0,1,3.992016,0.751500
saxpy,f32,1000,19,0,1,4.319654,0.694500
saxpy,f32,1393,0,0,1,2.628302,1.141421
saxpy,f32,1393,1,0,1,3.304864,0.907753
saxpy,f32,1393,2,0,1,3.316667,0.904523
saxpy,f32,1393,3,0,1,3.324582,0.902369
saxpy,f32,1393,4,0,1,3.332536,0.900215
saxpy,f32,1393,5,0,1,3.332536,0.900215
saxpy,f32,1393,6,0,1,3.328554,0.901292
saxpy,f32,1393,7,0,1,3.332536,0.900215
saxpy,f32,1393,8,0,1,3.332536,0.900215
saxpy,f32,1393,9,0,1,3.324582,0.902369
saxpy,f32,1393,10,0,1,3.332536,0.900215
saxpy,f32,1393,11,0,1,3.332536,0.900215
saxpy,f32,1393,12,0,1,3.304864,0.907753
saxpy,f32,1393,13,0,1,3.324582,0.902369
saxpy,f32,1393,14,0,1,3.324582,0.902369
saxpy,f32,1393,15,0,1,3.304864,0.907753
saxpy,f32,1393,16,0,1,3.336527,0.899139
saxpy,f32,1393,17,0,1,3.328554,0.901292
saxpy,f32,1393,18,0,1,3.328554,0.901292
saxpy,f32,1393,19,0,1,3.324582,0.902369
saxpy,f32,1941,0,0,1,4.337430,0.691654
saxpy,f32,1941,1,0,1,4.493056,0.667697
saxpy,f32,1941,2,0,1,4.535047,0.661515
saxpy,f32,1941,3,0,1,4.524476,0.663060
saxpy,f32,1941,4,0,1,4.535047,0.661515
saxpy,f32,1941,5,0,1,4.524476,0.663060
saxpy,f32,1941,6,0,1,4.524476,0.663060
saxpy,f32,1941,7,0,1,4.519208,0.663833
saxpy,f32,1941,8,0,1,4.503480,0.666151
saxpy,f32,1941,9,0,1,4.519208,0.663833
saxpy,f32,1941,10,0,1,4.503480,0.666151
saxpy,f32,1941,11,0,1,4.524476,0.663060
saxpy,f32,1941,12,0,1,4.529755,0.662287
saxpy,f32,1941,13,0,1,4.529755,0.662287
saxpy,f32,1941,14,0,1,4.529755,0.662287
saxpy,f32,1941,15,0,1,4.545667,0.659969
saxpy,f32,1941,16,0,1,4.529755,0.662287
saxpy,f32,1941,17,0,1,4.529755,0.662287
saxpy,f32,1941,18,0,1,4.529755,0.662287
saxpy,f32,1941,19,0,1,4.508711,0.665379
saxpy,f32,2704,0,0,1,4.491694,0.667899
saxpy,f32,2704,1,0,1,4.563713,0.657359
saxpy,f32,2704,2,0,1,4.081509,0.735022
saxpy,f32,2704,3,0,1,4.533110,0.661797
saxpy,f32,2704,4,0,1,4.602553,0.651812
saxpy,f32,2704,5,0,1,4.575296,0.655695
saxpy,f32,2704,6,0,1,4.556024,0.658469
saxpy,f32,2704,7,0,1,4.590832,0.653476
saxpy,f32,2704,8,0,1,4.594732,0.652922
saxpy,f32,2704,9,0,1,4.586938,0.654031
saxpy,f32,2704,10,0,1,4.606474,0.651257
saxpy,f32,2704,11,0,1,4.618275,0.649593
saxpy,f32,2704,12,0,1,4.606474,0.651257
saxpy,f32,2704,13,0,1,4.602553,0.651812
saxpy,f32,2704,14,0,1,4.594732,0.652922
saxpy,f32,2704,15,0,1,4.571429,0.656250
saxpy,f32,2704,16,0,1,4.594732,0.652922
saxpy,f32,2704,17,0,1,4.598639,0.652367
saxpy,f32,2704,18,0,1,4.606474,0.651257
saxpy,f32,2704,19,0,1,4.606474,0.651257
saxpy,f32,3767,0,0,1,4.516787,0.664189
saxpy,f32,3767,1,0,1,4.653490,0.644677
saxpy,f32,3767,2,0,1,4.650617,0.645076
saxpy,f32,3767,3,0,1,4.653490,0.644677
saxpy,f32,3767,4,0,1,4.639163,0.646668
saxpy,f32,3767,5,0,1,4.647748,0.645474
saxpy,f32,3767,6,0,1,4.644883,0.645872
saxpy,f32,3767,7,0,1,4.665015,0.643085
saxpy,f32,3767,8,0,1,4.656366,0.644279
saxpy,f32,3767,9,0,1,4.653490,0.644677
saxpy,f32,3767,10,0,1,4.616422,0.649854
saxpy,f32,3767,11,0,1,4.642021,0.646270
saxpy,f32,3767,12,0,1,4.653490,0.644677
saxpy,f32,3767,13,0,1,4.656366,0.644279
saxpy,f32,3767,14,0,1,4.665015,0.643085
saxpy,f32,3767,15,0,1,4.659246,0.643881
saxpy,f32,3767,16,0,1,4.650617,0.645076
saxpy,f32,3767,17,0,1,4.647748,0.645474
saxpy,f32,3767,18,0,1,4.650617,0.645076
saxpy,f32,3767,19,0,1,4.653490,0.644677
saxpy,f32,5248,0,0,1,4.625826,0.648533
saxpy,f32,5248,1,0,1,4.683623,0.640530
saxpy,f32,5248,2,0,1,4.685714,0.640244
saxpy,f32,5248,3,0,1,4.687807,0.639958
saxpy,f32,5248,4,0,1,4.679447,0.641101
saxpy,f32,5248,5,0,1,4.679447,0.641101
saxpy,f32,5248,6,0,1,4.687807,0.639958
saxpy,f32,5248,7,0,1,4.696197,0.638815
saxpy,f32,5248,8,0,1,4.664889,0.643102
saxpy,f32,5248,9,0,1,4.679447,0.641101
saxpy,f32,5248,10,0,1,4.681534,0.640816
saxpy,f32,5248,11,0,1,4.689902,0.639672
saxpy,f32,5248,12,0,1,4.687807,0.639958
saxpy,f32,5248,13,0,1,4.685714,0.640244
saxpy,f32,5248,14,0,1,4.683623,0.640530
saxpy,f32,5248,15,0,1,4.691998,0.639386
saxpy,f32,5248,16,0,1,4.698299,0.638529
saxpy,f32,5248,17,0,1,4.691998,0.639386
saxpy,f32,5248,18,0,1,4.679447,0.641101
saxpy,f32,5248,19,0,1,4.679447,0.641101
saxpy,f32,7312,0,0,1,4.131073,0.726204
saxpy,f32,7312,1,0,1,4.572858,0.656045
saxpy,f32,7312,2,0,1,4.675192,0.641685
saxpy,f32,7312,3,0,1,4.687179,0.640044
saxpy,f32,7312,4,0,1,4.712859,0.636556
saxpy,f32,7312,5,0,1,4.580019,0.655019
saxpy,f32,7312,6,0,1,4.694703,0.639018
saxpy,f32,7312,7,0,1,4.703763,0.637787
saxpy,f32,7312,8,0,1,4.703763,0.637787
saxpy,f32,7312,9,0,1,4.673698,0.641890
saxpy,f32,7312,10,0,1,4.696211,0.638813
saxpy,f32,7312,11,0,1,4.690186,0.639633
saxpy,f32,7312,12,0,1,4.691691,0.639428
saxpy,f32,7312,13,0,1,4.687179,0.640044
saxpy,f32,7312,14,0,1,4.703763,0.637787
saxpy,f32,7312,15,0,1,4.694703,0.639018
saxpy,f32,7312,16,0,1,4.693196,0.639223
saxpy,f32,7312,17,0,1,4.699229,0.638403
saxpy,f32,7312,18,0,1,4.691691,0.639428
saxpy,f32,7312,19,0,1,4.567146,0.656865
saxpy,f32,10186,0,0,1,4.230945,0.709061
saxpy,f32,10186,1,0,1,4.679991,0.641027
saxpy,f32,10186,2,0,1,4.655393,0.644414
saxpy,f32,10186,3,0,1,4.658587,0.643972
saxpy,f32,10186,4,0,1,4.245936,0.706558
saxpy,f32,10186,5,0,1,4.250365,0.705822
saxpy,f32,10186,6,0,1,3.932819,0.762812
saxpy,f32,10186,7,0,1,4.069517,0.737188
saxpy,f32,10186,8,0,1,4.334468,0.692126
saxpy,f32,10186,9,0,1,4.189184,0.716130
saxpy,f32,10186,10,0,1,4.500110,0.666650
saxpy,f32,10186,11,0,1,4.215187,0.711712
saxpy,f32,10186,12,0,1,4.484262,0.669006
saxpy,f32,10186,13,0,1,4.430622,0.677106
saxpy,f32,10186,14,0,1,4.415258,0.679462
saxpy,f32,10186,15,0,1,4.469504,0.671215
saxpy,f32,10186,16,0,1,4.323430,0.693894
saxpy,f32,10186,17,0,1,4.485249,0.668859
saxpy,f32,10186,18,0,1,4.479332,0.669743
saxpy,f32,10186,19,0,1,4.475395,0.670332
saxpy,f32,14191,0,0,1,4.325865,0.693503
saxpy,f32,14191,1,0,1,3.782754,0.793073
saxpy,f32,14191,2,0,1,4.325865,0.693503
saxpy,f32,14191,3,0,1,3.980087,0.753752
saxpy,f32,14191,4,0,1,4.201007,0.714115
saxpy,f32,14191,5,0,1,3.874147,0.774364
saxpy,f32,14191,6,0,1,4.340419,0.691178
saxpy,f32,14191,7,0,1,3.943588,0.760729
saxpy,f32,14191,8,0,1,3.978971,0.753964
saxpy,f32,14191,9,0,1,4.233592,0.708618
saxpy,f32,14191,10,0,1,4.001974,0.749630
saxpy,f32,14191,11,0,1,4.333791,0.692235
saxpy,f32,14191,12,0,1,3.909905,0.767282
saxpy,f32,14191,13,0,1,4.331807,0.692552
saxpy,f32,14191,14,0,1,3.859921,0.777218
saxpy,f32,14191,15,0,1,3.900234,0.769185
saxpy,f32,14191,16,0,1,4.309444,0.696145
saxpy,f32,14191,17,0,1,4.134304,0.725636
saxpy,f32,14191,18,0,1,3.806599,0.788105
saxpy,f32,14191,19,0,1,4.347067,0.690120
saxpy,f32,19771,0,0,1,4.063926,0.738202
saxpy,f32,19771,1,0,1,3.680037,0.815209
saxpy,f32,19771,2,0,1,3.864920,0.776213
saxpy,f32,19771,3,0,1,3.655542,0.820672
saxpy,f32,19771,4,0,1,4.089565,0.733574
saxpy,f32,19771,5,0,1,3.884665,0.772267
saxpy,f32,19771,6,0,1,4.147037,0.723408
saxpy,f32,19771,7,0,1,4.127988,0.726746
saxpy,f32,19771,8,0,1,4.118958,0.728339
saxpy,f32,19771,9,0,1,3.366709,0.891078
saxpy,f32,19771,10,0,1,4.153571,0.722270
saxpy,f32,19771,11,0,1,4.010752,0.747989
saxpy,f32,19771,12,0,1,3.530221,0.849805
saxpy,f32,19771,13,0,1,3.471642,0.864144
saxpy,f32,19771,14,0,1,3.692063,0.812554
saxpy,f32,19771,15,0,1,3.433061,0.873856
saxpy,f32,19771,16,0,1,3.350733,0.895326
saxpy,f32,19771,17,0,1,3.851368,0.778944
saxpy,f32,19771,18,0,1,3.801384,0.789186
saxpy,f32,19771,19,0,1,3.709729,0.808684
saxpy,f32,27544,0,0,1,2.427854,1.235659
saxpy,f32,27544,1,0,1,2.357916,1.272310
saxpy,f32,27544,2,0,1,2.972107,1.009385
saxpy,f32,27544,3,0,1,3.533094,0.849114
saxpy,f32,27544,4,0,1,3.218509,0.932109
saxpy,f32,27544,5,0,1,3.133739,0.957323
saxpy,f32,27544,6,0,1,3.082536,0.973225
saxpy,f32,27544,7,0,1,3.486141,0.860550
saxpy,f32,27544,8,0,1,3.456394,0.867957
saxpy,f32,27544,9,0,1,3.931768,0.763016
saxpy,f32,27544,10,0,1,3.440420,0.871987
saxpy,f32,27544,11,0,1,3.592071,0.835173
saxpy,f32,27544,12,0,1,3.779623,0.793730
saxpy,f32,27544,13,0,1,3.632815,0.825806
saxpy,f32,27544,14,0,1,3.514386,0.853634
saxpy,f32,27544,15,0,1,3.470766,0.864362
saxpy,f32,27544,16,0,1,3.521575,0.851892
saxpy,f32,27544,17,0,1,3.589964,0.835663
saxpy,f32,27544,18,0,1,3.541043,0.847208
saxpy,f32,27544,19,0,1,3.464654,0.865887
saxpy,f32,38374,0,0,1,2.272601,1.320073
saxpy,f32,38374,1,0,1,2.293518,1.308034
saxpy,f32,38374,2,0,1,2.977961,1.007401
saxpy,f32,38374,3,0,1,3.653275,0.821181
saxpy,f32,38374,4,0,1,3.845090,0.780216
saxpy,f32,38374,5,0,1,2.744332,1.093162
saxpy,f32,38374,6,0,1,2.944937,1.018698
saxpy,f32,38374,7,0,1,3.535145,0.848621
saxpy,f32,38374,8,0,1,3.319837,0.903659
saxpy,f32,38374,9,0,1,3.457896,0.867580
saxpy,f32,38374,10,0,1,3.245159,0.924454
saxpy,f32,38374,11,0,1,2.482388,1.208514
saxpy,f32,38374,12,0,1,3.056958,0.981368
saxpy,f32,38374,13,0,1,2.714149,1.105319
saxpy,f32,38374,14,0,1,2.842834,1.055285
saxpy,f32,38374,15,0,1,2.443270,1.227863
saxpy,f32,38374,16,0,1,3.061348,0.979960
saxpy,f32,38374,17,0,1,3.056958,0.981368
saxpy,f32,38374,18,0,1,3.063915,0.979140
saxpy,f32,38374,19,0,1,3.061470,0.979921
saxpy,f32,53461,0,0,1,3.033162,0.989067
saxpy,f32,53461,1,0,1,3.049338,0.983820
saxpy,f32,53461,2,0,1,3.055089,0.981968
saxpy,f32,53461,3,0,1,3.043176,0.985812
saxpy,f32,53461,4,0,1,3.046384,0.984774
saxpy,f32,53461,5,0,1,3.056311,0.981575
saxpy,f32,53461,6,0,1,3.052821,0.982698
saxpy,f32,53461,7,0,1,3.052734,0.982726
saxpy,f32,53461,8,0,1,3.046211,0.984830
saxpy,f32,53461,9,0,1,2.741519,1.094284
saxpy,f32,53461,10,0,1,2.888691,1.038533
saxpy,f32,53461,11,0,1,2.895889,1.035951
saxpy,f32,53461,12,0,1,2.848974,1.053011
saxpy,f32,53461,13,0,1,3.047600,0.984381
saxpy,f32,53461,14,0,1,3.044303,0.985447
saxpy,f32,53461,15,0,1,3.045690,0.984998
saxpy,f32,53461,16,0,1,2.567648,1.168384
saxpy,f32,53461,17,0,1,2.902413,1.033623
saxpy,f32,53461,18,0,1,1.048070,2.862404
saxpy,f32,53461,19,0,1,3.466541,0.865416
saxpy,f32,74480,0,0,1,3.216931,0.932566
saxpy,f32,74480,1,0,1,3.734082,0.803410
saxpy,f32,74480,2,0,1,3.417376,0.877867
saxpy,f32,74480,3,0,1,3.510558,0.854565
saxpy,f32,74480,4,0,1,3.809719,0.787460
saxpy,f32,74480,5,0,1,3.361997,0.892327
saxpy,f32,74480,6,0,1,3.206751,0.935526
saxpy,f32,74480,7,0,1,0.647337,4.634372
saxpy,f32,74480,8,0,1,3.325817,0.902034
saxpy,f32,74480,9,0,1,3.567135,0.841011
saxpy,f32,74480,10,0,1,3.339311,0.898389
saxpy,f32,74480,11,0,1,3.360328,0.892770
saxpy,f32,74480,12,0,1,3.433603,0.873718
saxpy,f32,74480,13,0,1,3.726329,0.805082
saxpy,f32,74480,14,0,1,3.578189,0.838413
saxpy,f32,74480,15,0,1,3.684484,0.814225
saxpy,f32,74480,16,0,1,3.100169,0.967689
saxpy,f32,74480,17,0,1,3.232779,0.927994
saxpy,f32,74480,18,0,1,3.427125,0.875369
saxpy,f32,74480,19,0,1,3.109423,0.964809
saxpy,f32,103763,0,0,1,2.926034,1.025279
saxpy,f32,103763,1,0,1,2.483052,1.208191
saxpy,f32,103763,2,0,1,3.144381,0.954083
saxpy,f32,103763,3,0,1,3.183305,0.942417
saxpy,f32,103763,4,0,1,2.680556,1.119171
saxpy,f32,103763,5,0,1,2.676270,1.120963
saxpy,f32,103763,6,0,1,3.884218,0.772356
saxpy,f32,103763,7,0,1,3.812924,0.786798
saxpy,f32,103763,8,0,1,3.694408,0.812038
saxpy,f32,103763,9,0,1,3.746836,0.800676
saxpy,f32,103763,10,0,1,3.885309,0.772139
saxpy,f32,103763,11,0,1,3.793270,0.790874
saxpy,f32,103763,12,0,1,3.782967,0.793028
saxpy,f32,103763,13,0,1,3.852205,0.778775
saxpy,f32,103763,14,0,1,3.717971,0.806892
saxpy,f32,103763,15,0,1,3.754971,0.798941
saxpy,f32,103763,16,0,1,3.901965,0.768843
saxpy,f32,103763,17,0,1,2.880585,1.041455
saxpy,f32,103763,18,0,1,3.611472,0.830686
saxpy,f32,103763,19,0,1,3.642532,0.823603
saxpy,f32,144560,0,0,1,3.544223,0.846448
saxpy,f32,144560,1,0,1,3.476839,0.862853
saxpy,f32,144560,2,0,1,2.066324,1.451854
saxpy,f32,144560,3,0,1,2.476657,1.211310
saxpy,f32,144560,4,0,1,2.883357,1.040454
saxpy,f32,144560,5,0,1,1.024326,2.928756
saxpy,f32,144560,6,0,1,2.673522,1.122115
saxpy,f32,144560,7,0,1,3.209235,0.934802
saxpy,f32,144560,8,0,1,3.442601,0.871434
saxpy,f32,144560,9,0,1,3.305740,0.907512
saxpy,f32,144560,10,0,1,3.235959,0.927082
saxpy,f32,144560,11,0,1,3.386511,0.885867
saxpy,f32,144560,12,0,1,1.468680,2.042650
saxpy,f32,144560,13,0,1,3.255489,0.921520
saxpy,f32,144560,14,0,1,3.686768,0.813721
saxpy,f32,144560,15,0,1,3.639476,0.824294
saxpy,f32,144560,16,0,1,3.470495,0.864430
saxpy,f32,144560,17,0,1,3.514752,0.853545
saxpy,f32,144560,18,0,1,3.670060,0.817425
saxpy,f32,144560,19,0,1,3.617437,0.829317
saxpy,f32,201396,0,0,1,3.511486,0.854339
saxpy,f32,201396,1,0,1,4.168697,0.719649
saxpy,f32,201396,2,0,1,2.858668,1.049440
saxpy,f32,201396,3,0,1,4.182288,0.717311
saxpy,f32,201396,4,0,1,4.494042,0.667550
saxpy,f32,201396,5,0,1,4.402965,0.681359
saxpy,f32,201396,6,0,1,4.353379,0.689120
saxpy,f32,201396,7,0,1,4.405180,0.681017
saxpy,f32,201396,8,0,1,4.386566,0.683906
saxpy,f32,201396,9,0,1,4.697666,0.638615
saxpy,f32,201396,10,0,1,4.566181,0.657004
saxpy,f32,201396,11,0,1,4.451232,0.673971
saxpy,f32,201396,12,0,1,4.794001,0.625782
saxpy,f32,201396,13,0,1,4.601497,0.651962
saxpy,f32,201396,14,0,1,4.604653,0.651515
saxpy,f32,201396,15,0,1,4.710246,0.636909
saxpy,f32,201396,16,0,1,4.822066,0.622140
saxpy,f32,201396,17,0,1,3.313333,0.905433
saxpy,f32,201396,18,0,1,4.738729,0.633081
saxpy,f32,201396,19,0,1,4.738005,0.633178
saxpy,f32,280578,0,0,1,4.512859,0.664767
saxpy,f32,280578,1,0,1,3.810001,0.787401
saxpy,f32,280578,2,0,1,4.536060,0.661367
saxpy,f32,280578,3,0,1,4.538408,0.661025
saxpy,f32,280578,4,0,1,3.967561,0.756132
saxpy,f32,280578,5,0,1,4.730225,0.634219
saxpy,f32,280578,6,0,1,4.620279,0.649311
saxpy,f32,280578,7,0,1,4.557760,0.658218
saxpy,f32,280578,8,0,1,4.597868,0.652476
saxpy,f32,280578,9,0,1,4.522716,0.663318
saxpy,f32,280578,10,0,1,4.713616,0.636454
saxpy,f32,280578,11,0,1,4.172133,0.719057
saxpy,f32,280578,12,0,1,3.624196,0.827770
saxpy,f32,280578,13,0,1,4.663282,0.643324
saxpy,f32,280578,14,0,1,4.616440,0.649851
saxpy,f32,280578,15,0,1,4.646293,0.645676
saxpy,f32,280578,16,0,1,4.273163,0.702056
saxpy,f32,280578,17,0,1,4.619747,0.649386
saxpy,f32,280578,18,0,1,4.565882,0.657047
saxpy,f32,280578,19,0,1,4.747111,0.631963
saxpy,f32,390892,0,0,1,4.428970,0.677358
saxpy,f32,390892,1,0,1,4.252455,0.705475
saxpy,f32,390892,2,0,1,4.402284,0.681464
saxpy,f32,390892,3,0,1,4.472449,0.670774
saxpy,f32,390892,4,0,1,3.462316,0.866472
saxpy,f32,390892,5,0,1,4.330901,0.692696
saxpy,f32,390892,6,0,1,4.466776,0.671625
saxpy,f32,390892,7,0,1,4.436434,0.676219
saxpy,f32,390892,8,0,1,3.644647,0.823125
saxpy,f32,390892,9,0,1,3.927675,0.763811
saxpy,f32,390892,10,0,1,4.436711,0.676177
saxpy,f32,390892,11,0,1,4.414041,0.679649
saxpy,f32,390892,12,0,1,4.464811,0.671921
saxpy,f32,390892,13,0,1,4.451312,0.673959
saxpy,f32,390892,14,0,1,4.461550,0.672412
saxpy,f32,390892,15,0,1,4.432912,0.676756
saxpy,f32,390892,16,0,1,4.112769,0.729435
saxpy,f32,390892,17,0,1,3.938657,0.761681
saxpy,f32,390892,18,0,1,4.404516,0.681119
saxpy,f32,390892,19,0,1,3.221036,0.931377
saxpy,f32,544578,0,0,1,3.331649,0.900455
saxpy,f32,544578,1,0,1,3.190759,0.940215
saxpy,f32,544578,2,0,1,3.496589,0.857979
saxpy,f32,544578,3,0,1,3.516061,0.853228
saxpy,f32,544578,4,0,1,3.478120,0.862535
saxpy,f32,544578,5,0,1,3.458462,0.867438
saxpy,f32,544578,6,0,1,3.398875,0.882645
saxpy,f32,544578,7,0,1,3.490750,0.859414
saxpy,f32,544578,8,0,1,3.216702,0.932632
saxpy,f32,544578,9,0,1,2.034148,1.474819
saxpy,f32,544578,10,0,1,1.935225,1.550208
saxpy,f32,544578,11,0,1,2.585202,1.160451
saxpy,f32,544578,12,0,1,2.902999,1.033414
saxpy,f32,544578,13,0,1,2.432292,1.233405
saxpy,f32,544578,14,0,1,3.049081,0.983903
saxpy,f32,544578,15,0,1,2.493038,1.203351
saxpy,f32,544578,16,0,1,2.630653,1.140401
saxpy,f32,544578,17,0,1,4.087948,0.733865
saxpy,f32,544578,18,0,1,3.213295,0.933621
saxpy,f32,544578,19,0,1,2.906268,1.032252
saxpy,f32,758688,0,0,1,2.902536,1.033579
saxpy,f32,758688,1,0,1,3.456351,0.867967
saxpy,f32,758688,2,0,1,3.891416,0.770928
saxpy,f32,758688,3,0,1,4.425850,0.677836
saxpy,f32,758688,4,0,1,3.891566,0.770898
saxpy,f32,758688,5,0,1,4.223333,0.710339
saxpy,f32,758688,6,0,1,4.415765,0.679384
saxpy,f32,758688,7,0,1,4.469799,0.671171
saxpy,f32,758688,8,0,1,2.212451,1.355963
saxpy,f32,758688,9,0,1,3.746792,0.800685
saxpy,f32,758688,10,0,1,4.207640,0.712989
saxpy,f32,758688,11,0,1,4.276443,0.701518
saxpy,f32,758688,12,0,1,2.967810,1.010846
saxpy,f32,758688,13,0,1,3.651286,0.821628
saxpy,f32,758688,14,0,1,4.205832,0.713295
saxpy,f32,758688,15,0,1,4.195645,0.715027
saxpy,f32,758688,16,0,1,3.865296,0.776137
saxpy,f32,758688,17,0,1,3.420649,0.877027
saxpy,f32,758688,18,0,1,3.141871,0.954845
saxpy,f32,758688,19,0,1,2.903535,1.033223
saxpy,f32,1056978,0,0,1,2.091241,1.434555
saxpy,f32,1056978,1,0,1,2.696668,1.112484
saxpy,f32,1056978,2,0,1,2.653434,1.130611
saxpy,f32,1056978,3,0,1,2.248337,1.334320
saxpy,f32,1056978,4,0,1,2.304255,1.301939
saxpy,f32,1056978,5,0,1,2.693421,1.113825
saxpy,f32,1056978,6,0,1,3.215812,0.932890
saxpy,f32,1056978,7,0,1,3.014808,0.995088
saxpy,f32,1056978,8,0,1,3.290870,0.911613
saxpy,f32,1056978,9,0,1,2.966843,1.011176
saxpy,f32,1056978,10,0,1,3.220849,0.931431
saxpy,f32,1056978,11,0,1,3.256569,0.921215
saxpy,f32,1056978,12,0,1,2.292966,1.308349
saxpy,f32,1056978,13,0,1,3.793755,0.790773
saxpy,f32,1056978,14,0,1,2.847182,1.053673
saxpy,f32,1056978,15,0,1,3.799878,0.789499
saxpy,f32,1056978,16,0,1,3.089165,0.971136
saxpy,f32,1056978,17,0,1,4.408447,0.680512
saxpy,f32,1056978,18,0,1,4.425039,0.677960
saxpy,f32,1056978,19,0,1,4.049771,0.740783
saxpy,f32,1472547,0,0,1,2.130814,1.407913
saxpy,f32,1472547,1,0,1,2.152529,1.393710
saxpy,f32,1472547,2,0,1,2.158481,1.389866
saxpy,f32,1472547,3,0,1,1.697449,1.767358
saxpy,f32,1472547,4,0,1,2.316074,1.295295
saxpy,f32,1472547,5,0,1,2.014483,1.489216
saxpy,f32,1472547,6,0,1,2.772727,1.081967
saxpy,f32,1472547,7,0,1,3.015028,0.995016
saxpy,f32,1472547,8,0,1,3.349172,0.895744
saxpy,f32,1472547,9,0,1,2.973731,1.008834
saxpy,f32,1472547,10,0,1,3.191670,0.939947
saxpy,f32,1472547,11,0,1,3.283871,0.913556
saxpy,f32,1472547,12,0,1,3.404910,0.881081
saxpy,f32,1472547,13,0,1,3.285560,0.913086
saxpy,f32,1472547,14,0,1,3.043890,0.985581
saxpy,f32,1472547,15,0,1,2.388866,1.255826
saxpy,f32,1472547,16,0,1,3.233656,0.927743
saxpy,f32,1472547,17,0,1,3.018643,0.993824
saxpy,f32,1472547,18,0,1,2.640298,1.136235
saxpy,f32,1472547,19,0,1,3.230899,0.928534
saxpy,f32,2051504,0,0,1,3.411985,0.879253
saxpy,f32,2051504,1,0,1,3.564120,0.841722
saxpy,f32,2051504,2,0,1,3.755944,0.798734
saxpy,f32,2051504,3,0,1,3.261823,0.919731
saxpy,f32,2051504,4,0,1,3.201168,0.937158
saxpy,f32,2051504,5,0,1,3.806017,0.788226
saxpy,f32,2051504,6,0,1,3.210012,0.934576
saxpy,f32,2051504,7,0,1,2.409966,1.244831
saxpy,f32,2051504,8,0,1,2.115940,1.417810
saxpy,f32,2051504,9,0,1,2.688191,1.115992
saxpy,f32,2051504,10,0,1,2.857881,1.049729
saxpy,f32,2051504,11,0,1,3.251069,0.922773
saxpy,f32,2051504,12,0,1,3.467068,0.865284
saxpy,f32,2051504,13,0,1,4.030381,0.744347
saxpy,f32,2051504,14,0,1,3.834752,0.782319
saxpy,f32,2051504,15,0,1,3.218184,0.932203
saxpy,f32,2051504,16,0,1,2.120854,1.414525
saxpy,f32,2051504,17,0,1,3.009271,0.996919
saxpy,f32,2051504,18,0,1,2.282353,1.314433
saxpy,f32,2051504,19,0,1,2.697480,1.112149
saxpy,f32,2858088,0,0,1,3.516061,0.853228
saxpy,f32,2858088,1,0,1,3.365176,0.891484
saxpy,f32,2858088,2,0,1,3.465958,0.865562
saxpy,f32,2858088,3,0,1,3.137844,0.956070
saxpy,f32,2858088,4,0,1,1.750452,1.713843
saxpy,f32,2858088,5,0,1,2.985598,1.004824
saxpy,f32,2858088,6,0,1,3.039505,0.987003
saxpy,f32,2858088,7,0,1,3.194035,0.939251
saxpy,f32,2858088,8,0,1,3.106886,0.965597
saxpy,f32,2858088,9,0,1,3.298426,0.909525
saxpy,f32,2858088,10,0,1,3.092807,0.969993
saxpy,f32,2858088,11,0,1,2.894146,1.036575
saxpy,f32,2858088,12,0,1,3.114027,0.963383
saxpy,f32,2858088,13,0,1,2.946088,1.018300
saxpy,f32,2858088,14,0,1,2.843579,1.055009
saxpy,f32,2858088,15,0,1,3.071898,0.976595
saxpy,f32,2858088,16,0,1,3.045259,0.985138
saxpy,f32,2858088,17,0,1,3.145587,0.953717
saxpy,f32,2858088,18,0,1,3.595473,0.834383
saxpy,f32,2858088,19,0,1,3.730007,0.804288
saxpy,f32,3981793,0,0,1,3.320359,0.903517
saxpy,f32,3981793,1,0,1,2.359785,1.271303
saxpy,f32,3981793,2,0,1,3.250429,0.922955
saxpy,f32,3981793,3,0,1,3.330383,0.900797
saxpy,f32,3981793,4,0,1,2.705997,1.108649
saxpy,f32,3981793,5,0,1,2.960575,1.013317
saxpy,f32,3981793,6,0,1,2.990670,1.003120
saxpy,f32,3981793,7,0,1,2.888293,1.038676
saxpy,f32,3981793,8,0,1,2.888369,1.038648
saxpy,f32,3981793,9,0,1,2.969552,1.010254
saxpy,f32,3981793,10,0,1,3.066568,0.978292
saxpy,f32,3981793,11,0,1,2.058620,1.457287
saxpy,f32,3981793,12,0,1,2.636927,1.137688
saxpy,f32,3981793,13,0,1,2.706632,1.108388
saxpy,f32,3981793,14,0,1,2.730426,1.098730
saxpy,f32,3981793,15,0,1,2.705143,1.108999
saxpy,f32,3981793,16,0,1,3.013815,0.995416
saxpy,f32,3981793,17,0,1,3.037809,0.987554
saxpy,f32,3981793,18,0,1,2.679180,1.119746
saxpy,f32,3981793,19,0,1,2.945591,1.018471
saxpy,f32,5547302,0,0,1,3.278024,0.915185
saxpy,f32,5547302,1,0,1,3.055032,0.981987
saxpy,f32,5547302,2,0,1,3.414582,0.878585
saxpy,f32,5547302,3,0,1,3.128273,0.958996
saxpy,f32,5547302,4,0,1,3.115347,0.962975
saxpy,f32,5547302,5,0,1,3.155081,0.950847
saxpy,f32,5547302,6,0,1,2.635394,1.138350
saxpy,f32,5547302,7,0,1,2.953760,1.015655
saxpy,f32,5547302,8,0,1,2.617972,1.145925
saxpy,f32,5547302,9,0,1,2.034451,1.474599
saxpy,f32,5547302,10,0,1,2.515793,1.192467
saxpy,f32,5547302,11,0,1,1.775257,1.689896
saxpy,f32,5547302,12,0,1,2.584534,1.160751
saxpy,f32,5547302,13,0,1,1.876170,1.599002
saxpy,f32,5547302,14,0,1,2.844912,1.054514
saxpy,f32,5547302,15,0,1,2.021997,1.483682
saxpy,f32,5547302,16,0,1,2.648064,1.132903
saxpy,f32,5547302,17,0,1,2.706690,1.108365
saxpy,f32,5547302,18,0,1,2.641373,1.135773
saxpy,f32,5547302,19,0,1,2.715959,1.104582
saxpy,f32,7728318,0,0,1,2.227912,1.346553
saxpy,f32,7728318,1,0,1,2.596304,1.155489
saxpy,f32,7728318,2,0,1,1.864563,1.608956
saxpy,f32,7728318,3,0,1,2.531217,1.185200
saxpy,f32,7728318,4,0,1,2.312092,1.297526
saxpy,f32,7728318,5,0,1,2.355180,1.273788
saxpy,f32,7728318,6,0,1,2.130782,1.407934
saxpy,f32,7728318,7,0,1,2.143590,1.399521
saxpy,f32,7728318,8,0,1,2.815559,1.065508
saxpy,f32,7728318,9,0,1,3.118167,0.962104
saxpy,f32,7728318,10,0,1,2.505653,1.197293
saxpy,f32,7728318,11,0,1,2.437821,1.230607
saxpy,f32,7728318,12,0,1,3.123131,0.960575
saxpy,f32,7728318,13,0,1,3.074225,0.975856
saxpy,f32,7728318,14,0,1,2.612341,1.148395
saxpy,f32,7728318,15,0,1,2.256152,1.329697
saxpy,f32,7728318,16,0,1,2.226616,1.347336
saxpy,f32,7728318,17,0,1,2.292423,1.308659
saxpy,f32,7728318,18,0,1,2.567827,1.168303
saxpy,f32,7728318,19,0,1,2.671647,1.122903
saxpy,f32,10766836,0,0,1,2.344832,1.279409
saxpy,f32,10766836,1,0,1,2.622631,1.143890
saxpy,f32,10766836,2,0,1,1.944277,1.542990
saxpy,f32,10766836,3,0,1,2.283938,1.313521
saxpy,f32,10766836,4,0,1,2.969247,1.010357
saxpy,f32,10766836,5,0,1,2.786761,1.076519
saxpy,f32,10766836,6,0,1,2.687694,1.116198
saxpy,f32,10766836,7,0,1,2.520922,1.190041
saxpy,f32,10766836,8,0,1,2.498409,1.200764
saxpy,f32,10766836,9,0,1,2.123802,1.412561
saxpy,f32,10766836,10,0,1,2.361544,1.270356
saxpy,f32,10766836,11,0,1,2.648107,1.132885
saxpy,f32,10766836,12,0,1,2.345952,1.278799
saxpy,f32,10766836,13,0,1,3.200929,0.937228
saxpy,f32,10766836,14,0,1,2.467457,1.215827
saxpy,f32,10766836,15,0,1,2.620406,1.144861
saxpy,f32,10766836,16,0,1,2.016982,1.487370
saxpy,f32,10766836,17,0,1,1.966420,1.525615
saxpy,f32,10766836,18,0,1,1.912713,1.568453
saxpy,f32,10766836,19,0,1,2.324470,1.290617
saxpy,f32,15000000,0,0,1,3.106449,0.965733
saxpy,f32,15000000,1,0,1,2.612330,1.148400
saxpy,f32,15000000,2,0,1,2.492391,1.203663
saxpy,f32,15000000,3,0,1,1.840232,1.630229
saxpy,f32,15000000,4,0,1,2.474885,1.212178
saxpy,f32,15000000,5,0,1,2.864756,1.047210
saxpy,f32,15000000,6,0,1,2.263446,1.325413
saxpy,f32,15000000,7,0,1,3.022112,0.992683
saxpy,f32,15000000,8,0,1,2.989680,1.003452
saxpy,f32,15000000,9,0,1,2.570140,1.167252
saxpy,f32,15000000,10,0,1,3.111006,0.964318
saxpy,f32,15000000,11,0,1,3.116626,0.962579
saxpy,f32,15000000,12,0,1,2.870638,1.045064
saxpy,f32,15000000,13,0,1,2.124172,1.412315
saxpy,f32,15000000,14,0,1,3.060096,0.980362
saxpy,f32,15000000,15,0,1,3.165533,0.947708
saxpy,f32,15000000,16,0,1,2.218067,1.352529
saxpy,f32,15000000,17,0,1,2.115089,1.418380
saxpy,f32,15000000,18,0,1,2.446374,1.226305
saxpy,f32,15000000,19,0,1,2.583575,1.161182
saxpy,f32,1000,0,1,0,2.797768,1.072283
saxpy,f32,1000,1,1,0,3.531690,0.849452
saxpy,f32,1000,2,1,0,3.756554,0.798604
saxpy,f32,1000,3,1,0,3.411565,0.879362
saxpy,f32,1000,4,1,0,3.770677,0.795613
saxpy,f32,1000,5,1,0,3.620939,0.828514
saxpy,f32,1000,6,1,0,3.627486,0.827019
saxpy,f32,1000,7,1,0,3.763602,0.797109
saxpy,f32,1000,8,1,0,3.784906,0.792622
saxpy,f32,1000,9,1,0,3.763602,0.797109
saxpy,f32,1000,10,1,0,3.488696,0.859920
saxpy,f32,1000,11,1,0,3.763602,0.797109
saxpy,f32,1000,12,1,0,3.770677,0.795613
saxpy,f32,1000,13,1,0,3.770677,0.795613
saxpy,f32,1000,14,1,0,3.647273,0.822532
saxpy,f32,1000,15,1,0,3.749533,0.800100
saxpy,f32,1000,16,1,0,3.770677,0.795613
saxpy,f32,1000,17,1,0,3.742537,0.801595
saxpy,f32,1000,18,1,0,3.634058,0.825523
saxpy,f32,1000,19,1,0,3.777778,0.794118
saxpy,f32,1393,0,1,0,3.315914,0.904728
saxpy,f32,1393,1,1,0,3.856354,0.777937
saxpy,f32,1393,2,1,0,3.845730,0.780086
saxpy,f32,1393,3,1,0,3.584082,0.837034
saxpy,f32,1393,4,1,0,3.574904,0.839183
saxpy,f32,1393,5,1,0,3.883171,0.772564
saxpy,f32,1393,6,1,0,3.561224,0.842407
saxpy,f32,1393,7,1,0,3.621271,0.828438
saxpy,f32,1393,8,1,0,3.872399,0.774713
saxpy,f32,1393,9,1,0,3.894003,0.770415
saxpy,f32,1393,10,1,0,3.772973,0.795129
saxpy,f32,1393,11,1,0,3.888579,0.771490
saxpy,f32,1393,12,1,0,3.793478,0.790831
saxpy,f32,1393,13,1,0,3.888579,0.771490
saxpy,f32,1393,14,1,0,3.867036,0.775788
saxpy,f32,1393,15,1,0,3.872399,0.774713
saxpy,f32,1393,16,1,0,3.788331,0.791905
saxpy,f32,1393,17,1,0,3.872399,0.774713
saxpy,f32,1393,18,1,0,3.883171,0.772564
saxpy,f32,1393,19,1,0,3.883171,0.772564
saxpy,f32,1941,0,1,0,3.782101,0.793210
saxpy,f32,1941,1,1,0,3.931244,0.763117
saxpy,f32,1941,2,1,0,3.927273,0.763889
saxpy,f32,1941,3,1,0,2.043090,1.468364
saxpy,f32,1941,4,1,0,2.040945,1.469907
saxpy,f32,1941,5,1,0,2.039874,1.470679
saxpy,f32,1941,6,1,0,2.036668,1.472994
saxpy,f32,1941,7,1,0,2.033473,1.475309
saxpy,f32,1941,8,1,0,2.034537,1.474537
saxpy,f32,1941,9,1,0,2.036668,1.472994
saxpy,f32,1941,10,1,0,2.038804,1.471451
saxpy,f32,1941,11,1,0,2.039874,1.470679
saxpy,f32,1941,12,1,0,2.040945,1.469907
saxpy,f32,1941,13,1,0,2.038804,1.471451
saxpy,f32,1941,14,1,0,2.036668,1.472994
saxpy,f32,1941,15,1,0,2.035602,1.473765
saxpy,f32,1941,16,1,0,2.032410,1.476080
saxpy,f32,1941,17,1,0,2.034537,1.474537
saxpy,f32,1941,18,1,0,2.039874,1.470679
saxpy,f32,1941,19,1,0,2.038804,1.471451
saxpy,f32,2704,0,1,0,3.957602,0.758035
saxpy,f32,2704,1,1,0,3.972120,0.755264
saxpy,f32,2704,2,1,0,4.019302,0.746398
saxpy,f32,2704,3,1,0,4.016320,0.746952
saxpy,f32,2704,4,1,0,4.034277,0.743628
saxpy,f32,2704,5,1,0,4.034277,0.743628
saxpy,f32,2704,6,1,0,3.977957,0.754156
saxpy,f32,2704,7,1,0,4.025279,0.745290
saxpy,f32,2704,8,1,0,4.016320,0.746952
saxpy,f32,2704,9,1,0,4.007402,0.748615
saxpy,f32,2704,10,1,0,3.966300,0.756372
saxpy,f32,2704,11,1,0,4.025279,0.745290
saxpy,f32,2704,12,1,0,4.037286,0.743074
saxpy,f32,2704,13,1,0,4.037286,0.743074
saxpy,f32,2704,14,1,0,3.972120,0.755264
saxpy,f32,2704,15,1,0,4.022288,0.745844
saxpy,f32,2704,16,1,0,4.013343,0.747506
saxpy,f32,2704,17,1,0,4.019302,0.746398
saxpy,f32,2704,18,1,0,3.966300,0.756372
saxpy,f32,2704,19,1,0,4.031273,0.744182
saxpy,f32,3767,0,1,0,4.036403,0.743236
saxpy,f32,3767,1,1,0,4.060312,0.738859
saxpy,f32,3767,2,1,0,4.069077,0.737268
saxpy,f32,3767,3,1,0,4.062500,0.738462
saxpy,f32,3767,4,1,0,4.069077,0.737268
saxpy,f32,3767,5,1,0,4.073474,0.736472
saxpy,f32,3767,6,1,0,4.034243,0.743634
saxpy,f32,3767,7,1,0,4.062500,0.738462
saxpy,f32,3767,8,1,0,4.062500,0.738462
saxpy,f32,3767,9,1,0,4.047236,0.741247
saxpy,f32,3767,10,1,0,3.989418,0.751989
saxpy,f32,3767,11,1,0,4.058127,0.739257
saxpy,f32,3767,12,1,0,4.075676,0.736074
saxpy,f32,3767,13,1,0,4.045064,0.741645
saxpy,f32,3767,14,1,0,4.021333,0.746021
saxpy,f32,3767,15,1,0,4.069077,0.737268
saxpy,f32,3767,16,1,0,4.053763,0.740053
saxpy,f32,3767,17,1,0,4.027778,0.744828
saxpy,f32,3767,18,1,0,4.002123,0.749602
saxpy,f32,3767,19,1,0,4.069077,0.737268
saxpy,f32,5248,0,1,0,4.034575,0.743573
saxpy,f32,5248,1,1,0,4.072121,0.736717
saxpy,f32,5248,2,1,0,4.089564,0.733575
saxpy,f32,5248,3,1,0,4.080031,0.735289
saxpy,f32,5248,4,1,0,4.091157,0.733289
saxpy,f32,5248,5,1,0,4.105551,0.730718
saxpy,f32,5248,6,1,0,4.095944,0.732432
saxpy,f32,5248,7,1,0,4.084792,0.734432
saxpy,f32,5248,8,1,0,4.091157,0.733289
saxpy,f32,5248,9,1,0,4.102344,0.731289
saxpy,f32,5248,10,1,0,4.097542,0.732146
saxpy,f32,5248,11,1,0,4.086381,0.734146
saxpy,f32,5248,12,1,0,4.094347,0.732718
saxpy,f32,5248,13,1,0,4.103947,0.731004
saxpy,f32,5248,14,1,0,4.095944,0.732432
saxpy,f32,5248,15,1,0,4.092751,0.733003
saxpy,f32,5248,16,1,0,4.092751,0.733003
saxpy,f32,5248,17,1,0,4.100742,0.731575
saxpy,f32,5248,18,1,0,4.099141,0.731861
saxpy,f32,5248,19,1,0,4.091157,0.733289
saxpy,f32,7312,0,1,0,2.928343,1.024470
saxpy,f32,7312,1,1,0,3.058750,0.980793
saxpy,f32,7312,2,1,0,3.281005,0.914354
saxpy,f32,7312,3,1,0,3.088453,0.971360
saxpy,f32,7312,4,1,0,3.263440,0.919275
saxpy,f32,7312,5,1,0,3.291339,0.911483
saxpy,f32,7312,6,1,0,3.070304,0.977102
saxpy,f32,7312,7,1,0,3.091063,0.970540
saxpy,f32,7312,8,1,0,3.091063,0.970540
saxpy,f32,7312,9,1,0,3.067729,0.977922
saxpy,f32,7312,10,1,0,3.283214,0.913739
saxpy,f32,7312,11,1,0,3.076114,0.975256
saxpy,f32,7312,12,1,0,3.056832,0.981408
saxpy,f32,7312,13,1,0,3.059389,0.980588
saxpy,f32,7312,14,1,0,3.071594,0.976692
saxpy,f32,7312,15,1,0,3.062592,0.979563
saxpy,f32,7312,16,1,0,3.087801,0.971565
saxpy,f32,7312,17,1,0,3.078704,0.974436
saxpy,f32,7312,18,1,0,3.085847,0.972180
saxpy,f32,7312,19,1,0,3.061310,0.979973
saxpy,f32,10186,0,1,0,2.945223,1.018598
saxpy,f32,10186,1,1,0,3.052884,0.982677
saxpy,f32,10186,2,1,0,3.273574,0.916429
saxpy,f32,10186,3,1,0,3.064822,0.978850
saxpy,f32,10186,4,1,0,3.275153,0.915988
saxpy,f32,10186,5,1,0,3.072678,0.976347
saxpy,f32,10186,6,1,0,3.062519,0.979586
saxpy,f32,10186,7,1,0,3.083371,0.972961
saxpy,f32,10186,8,1,0,3.067128,0.978114
saxpy,f32,10186,9,1,0,3.058382,0.980911
saxpy,f32,10186,10,1,0,3.068052,0.977819
saxpy,f32,10186,11,1,0,3.060679,0.980175
saxpy,f32,10186,12,1,0,3.062059,0.979733
saxpy,f32,10186,13,1,0,3.073605,0.976053
saxpy,f32,10186,14,1,0,3.077318,0.974875
saxpy,f32,10186,15,1,0,3.068976,0.977525
saxpy,f32,10186,16,1,0,3.062519,0.979586
saxpy,f32,10186,17,1,0,3.059300,0.980616
saxpy,f32,10186,18,1,0,3.080574,0.973844
saxpy,f32,10186,19,1,0,3.057006,0.981352
saxpy,f32,14191,0,1,0,2.954929,1.015253
saxpy,f32,14191,1,1,0,2.959858,1.013562
saxpy,f32,14191,2,1,0,3.182868,0.942546
saxpy,f32,14191,3,1,0,3.208771,0.934937
saxpy,f32,14191,4,1,0,3.208771,0.934937
saxpy,f32,14191,5,1,0,3.201173,0.937157
saxpy,f32,14191,6,1,0,3.206234,0.935677
saxpy,f32,14191,7,1,0,2.799882,1.071474
saxpy,f32,14191,8,1,0,3.178947,0.943709
saxpy,f32,14191,9,1,0,3.188588,0.940855
saxpy,f32,14191,10,1,0,3.191456,0.940010
saxpy,f32,14191,11,1,0,0.507354,5.913027
saxpy,f32,14191,12,1,0,3.160895,0.949098
saxpy,f32,14191,13,1,0,3.186083,0.941595
saxpy,f32,14191,14,1,0,3.181441,0.942969
saxpy,f32,14191,15,1,0,3.198288,0.938002
saxpy,f32,14191,16,1,0,3.205510,0.935888
saxpy,f32,14191,17,1,0,2.976930,1.007750
saxpy,f32,14191,18,1,0,2.950016,1.016944
saxpy,f32,14191,19,1,0,2.958933,1.013879
saxpy,f32,19771,0,1,0,2.807810,1.068448
saxpy,f32,19771,1,1,0,2.719758,1.103039
saxpy,f32,19771,2,1,0,2.981829,1.006094
saxpy,f32,19771,3,1,0,3.191671,0.939946
saxpy,f32,19771,4,1,0,3.072405,0.976434
saxpy,f32,19771,5,1,0,3.104970,0.966193
saxpy,f32,19771,6,1,0,3.690212,0.812961
saxpy,f32,19771,7,1,0,4.136387,0.725271
saxpy,f32,19771,8,1,0,4.027291,0.744918
saxpy,f32,19771,9,1,0,3.831057,0.783074
saxpy,f32,19771,10,1,0,3.655083,0.820775
saxpy,f32,19771,11,1,0,3.448853,0.869854
saxpy,f32,19771,12,1,0,3.556155,0.843608
saxpy,f32,19771,13,1,0,3.763967,0.797031
saxpy,f32,19771,14,1,0,3.933950,0.762592
saxpy,f32,19771,15,1,0,3.576739,0.838753
saxpy,f32,19771,16,1,0,3.723917,0.805603
saxpy,f32,19771,17,1,0,3.674440,0.816451
saxpy,f32,19771,18,1,0,3.597562,0.833898
saxpy,f32,19771,19,1,0,3.651371,0.821609
saxpy,f32,27544,0,1,0,2.602210,1.152866
saxpy,f32,27544,1,1,0,2.207911,1.358750
saxpy,f32,27544,2,1,0,2.809772,1.067702
saxpy,f32,27544,3,1,0,4.265232,0.703362
saxpy,f32,27544,4,1,0,3.577068,0.838676
saxpy,f32,27544,5,1,0,3.935005,0.762388
saxpy,f32,27544,6,1,0,3.953075,0.758903
saxpy,f32,27544,7,1,0,3.828631,0.783570
saxpy,f32,27544,8,1,0,4.042706,0.742077
saxpy,f32,27544,9,1,0,4.258967,0.704396
saxpy,f32,27544,10,1,0,4.036190,0.743275
saxpy,f32,27544,11,1,0,3.802208,0.789015
saxpy,f32,27544,12,1,0,3.584982,0.836824
saxpy,f32,27544,13,1,0,3.588251,0.836062
saxpy,f32,27544,14,1,0,3.579159,0.838186
saxpy,f32,27544,15,1,0,2.178662,1.376992
saxpy,f32,27544,16,1,0,3.597153,0.833993
saxpy,f32,27544,17,1,0,3.801684,0.789124
saxpy,f32,27544,18,1,0,4.318050,0.694758
saxpy,f32,27544,19,1,0,3.734933,0.803227
saxpy,f32,38374,0,1,0,3.822220,0.784884
saxpy,f32,38374,1,1,0,4.114613,0.729109
saxpy,f32,38374,2,1,0,4.303319,0.697136
saxpy,f32,38374,3,1,0,3.722489,0.805912
saxpy,f32,38374,4,1,0,3.765220,0.796766
saxpy,f32,38374,5,1,0,4.121020,0.727975
saxpy,f32,38374,6,1,0,4.102956,0.731180
saxpy,f32,38374,7,1,0,3.879208,0.773354
saxpy,f32,38374,8,1,0,3.592343,0.835110
saxpy,f32,38374,9,1,0,3.887263,0.771751
saxpy,f32,38374,10,1,0,3.557543,0.843279
saxpy,f32,38374,11,1,0,3.534282,0.848829
saxpy,f32,38374,12,1,0,3.591839,0.835227
saxpy,f32,38374,13,1,0,3.907647,0.767725
saxpy,f32,38374,14,1,0,3.788263,0.791920
saxpy,f32,38374,15,1,0,3.977509,0.754241
saxpy,f32,38374,16,1,0,3.916820,0.765928
saxpy,f32,38374,17,1,0,3.944396,0.760573
saxpy,f32,38374,18,1,0,4.344484,0.690531
saxpy,f32,38374,19,1,0,3.857566,0.777692
saxpy,f32,53461,0,1,0,3.624801,0.827632
saxpy,f32,53461,1,1,0,4.130408,0.726321
saxpy,f32,53461,2,1,0,4.217402,0.711338
saxpy,f32,53461,3,1,0,3.699419,0.810938
saxpy,f32,53461,4,1,0,3.673492,0.816662
saxpy,f32,53461,5,1,0,3.831172,0.783050
saxpy,f32,53461,6,1,0,2.183898,1.373691
saxpy,f32,53461,7,1,0,0.498562,6.017311
saxpy,f32,53461,8,1,0,1.949533,1.538830
saxpy,f32,53461,9,1,0,3.182570,0.942634
saxpy,f32,53461,10,1,0,4.349849,0.689679
saxpy,f32,53461,11,1,0,4.340315,0.691194
saxpy,f32,53461,12,1,0,4.368331,0.686761
saxpy,f32,53461,13,1,0,4.334158,0.692176
saxpy,f32,53461,14,1,0,3.972361,0.755218
saxpy,f32,53461,15,1,0,3.995367,0.750870
saxpy,f32,53461,16,1,0,4.176875,0.718240
saxpy,f32,53461,17,1,0,3.965731,0.756481
saxpy,f32,53461,18,1,0,3.820768,0.785183
saxpy,f32,53461,19,1,0,4.026965,0.744978
saxpy,f32,74480,0,1,0,1.591500,1.885014
saxpy,f32,74480,1,1,0,3.832514,0.782776
saxpy,f32,74480,2,1,0,3.557227,0.843354
saxpy,f32,74480,3,1,0,3.646480,0.822711
saxpy,f32,74480,4,1,0,3.786726,0.792241
saxpy,f32,74480,5,1,0,3.775210,0.794658
saxpy,f32,74480,6,1,0,2.087850,1.436885
saxpy,f32,74480,7,1,0,3.727038,0.804929
saxpy,f32,74480,8,1,0,3.715511,0.807426
saxpy,f32,74480,9,1,0,3.961230,0.757341
saxpy,f32,74480,10,1,0,3.682993,0.814555
saxpy,f32,74480,11,1,0,4.136680,0.725219
saxpy,f32,74480,12,1,0,4.039208,0.742720
saxpy,f32,74480,13,1,0,3.675178,0.816287
saxpy,f32,74480,14,1,0,2.919242,1.027664
saxpy,f32,74480,15,1,0,2.918556,1.027906
saxpy,f32,74480,16,1,0,2.918098,1.028067
saxpy,f32,74480,17,1,0,2.919299,1.027644
saxpy,f32,74480,18,1,0,2.920387,1.027261
saxpy,f32,74480,19,1,0,2.920158,1.027342
saxpy,f32,103763,0,1,0,1.167156,2.570351
saxpy,f32,103763,1,1,0,3.801718,0.789117
saxpy,f32,103763,2,1,0,3.914295,0.766422
saxpy,f32,103763,3,1,0,4.252356,0.705491
saxpy,f32,103763,4,1,0,4.022406,0.745822
saxpy,f32,103763,5,1,0,3.773995,0.794914
saxpy,f32,103763,6,1,0,3.801440,0.789175
saxpy,f32,103763,7,1,0,4.226979,0.709727
saxpy,f32,103763,8,1,0,4.223538,0.710305
saxpy,f32,103763,9,1,0,4.108812,0.730138
saxpy,f32,103763,10,1,0,4.192650,0.715538
saxpy,f32,103763,11,1,0,4.188081,0.716318
saxpy,f32,103763,12,1,0,4.220618,0.710796
saxpy,f32,103763,13,1,0,4.282366,0.700547
saxpy,f32,103763,14,1,0,4.269415,0.702672
saxpy,f32,103763,15,1,0,2.192695,1.368179
saxpy,f32,103763,16,1,0,2.191908,1.368671
saxpy,f32,103763,17,1,0,4.102234,0.731309
saxpy,f32,103763,18,1,0,2.192764,1.368136
saxpy,f32,103763,19,1,0,1.882974,1.593224
saxpy,f32,144560,0,1,0,2.191776,1.368753
saxpy,f32,144560,1,1,0,4.264647,0.703458
saxpy,f32,144560,2,1,0,3.757469,0.798410
saxpy,f32,144560,3,1,0,4.012295,0.747702
saxpy,f32,144560,4,1,0,4.184834,0.716874
saxpy,f32,144560,5,1,0,3.577407,0.838596
saxpy,f32,144560,6,1,0,4.148506,0.723152
saxpy,f32,144560,7,1,0,4.280748,0.700812
saxpy,f32,144560,8,1,0,1.535030,1.954359
saxpy,f32,144560,9,1,0,2.587466,1.159436
saxpy,f32,144560,10,1,0,4.183865,0.717040
saxpy,f32,144560,11,1,0,4.165721,0.720164
saxpy,f32,144560,12,1,0,4.115848,0.728890
saxpy,f32,144560,13,1,0,4.045248,0.741611
saxpy,f32,144560,14,1,0,4.174924,0.718576
saxpy,f32,144560,15,1,0,4.030979,0.744236
saxpy,f32,144560,16,1,0,4.083643,0.734638
saxpy,f32,144560,17,1,0,4.205408,0.713367
saxpy,f32,144560,18,1,0,4.109297,0.730052
saxpy,f32,144560,19,1,0,4.108713,0.730156
saxpy,f32,201396,0,1,0,3.735734,0.803055
saxpy,f32,201396,1,1,0,2.403702,1.248075
saxpy,f32,201396,2,1,0,4.085628,0.734281
saxpy,f32,201396,3,1,0,4.029672,0.744477
saxpy,f32,201396,4,1,0,2.488543,1.205525
saxpy,f32,201396,5,1,0,4.503052,0.666215
saxpy,f32,201396,6,1,0,4.134442,0.725612
saxpy,f32,201396,7,1,0,4.217515,0.711319
saxpy,f32,201396,8,1,0,3.856261,0.777956
saxpy,f32,201396,9,1,0,3.970331,0.755605
saxpy,f32,201396,10,1,0,3.650450,0.821816
saxpy,f32,201396,11,1,0,3.235689,0.927160
saxpy,f32,201396,12,1,0,4.124282,0.727399
saxpy,f32,201396,13,1,0,3.936496,0.762099
saxpy,f32,201396,14,1,0,2.193041,1.367964
saxpy,f32,201396,15,1,0,4.359144,0.688208
saxpy,f32,201396,16,1,0,3.635492,0.825198
saxpy,f32,201396,17,1,0,3.933267,0.762725
saxpy,f32,201396,18,1,0,4.057314,0.739405
saxpy,f32,201396,19,1,0,3.998193,0.750339
saxpy,f32,280578,0,1,0,4.336847,0.691747
saxpy,f32,280578,1,1,0,4.536695,0.661274
saxpy,f32,280578,2,1,0,3.558076,0.843152
saxpy,f32,280578,3,1,0,4.318657,0.694660
saxpy,f32,280578,4,1,0,4.609929,0.650769
saxpy,f32,280578,5,1,0,4.678845,0.641184
saxpy,f32,280578,6,1,0,4.364065,0.687433
saxpy,f32,280578,7,1,0,4.164406,0.720391
saxpy,f32,280578,8,1,0,4.574603,0.655795
saxpy,f32,280578,9,1,0,4.251582,0.705620
saxpy,f32,280578,10,1,0,4.635672,0.647155
saxpy,f32,280578,11,1,0,4.506529,0.665701
saxpy,f32,280578,12,1,0,4.683610,0.640532
saxpy,f32,280578,13,1,0,3.608620,0.831343
saxpy,f32,280578,14,1,0,4.740745,0.632812
saxpy,f32,280578,15,1,0,2.079025,1.442984
saxpy,f32,280578,16,1,0,4.725336,0.634875
saxpy,f32,280578,17,1,0,4.723268,0.635153
saxpy,f32,280578,18,1,0,4.583009,0.654592
saxpy,f32,280578,19,1,0,4.338792,0.691437
saxpy,f32,390892,0,1,0,4.285542,0.700028
saxpy,f32,390892,1,1,0,3.586736,0.836415
saxpy,f32,390892,2,1,0,4.530724,0.662146
saxpy,f32,390892,3,1,0,4.508541,0.665404
saxpy,f32,390892,4,1,0,4.462909,0.672207
saxpy,f32,390892,5,1,0,4.169902,0.719441
saxpy,f32,390892,6,1,0,4.208376,0.712864
saxpy,f32,390892,7,1,0,3.373682,0.889236
saxpy,f32,390892,8,1,0,4.283100,0.700427
saxpy,f32,390892,9,1,0,3.990190,0.751844
saxpy,f32,390892,10,1,0,3.992656,0.751380
saxpy,f32,390892,11,1,0,4.321335,0.694230
saxpy,f32,390892,12,1,0,3.695708,0.811753
saxpy,f32,390892,13,1,0,4.442620,0.675277
saxpy,f32,390892,14,1,0,3.076121,0.975254
saxpy,f32,390892,15,1,0,4.513877,0.664617
saxpy,f32,390892,16,1,0,4.512210,0.664863
saxpy,f32,390892,17,1,0,4.427173,0.677633
saxpy,f32,390892,18,1,0,2.967722,1.010876
saxpy,f32,390892,19,1,0,4.507189,0.665603
saxpy,f32,544578,0,1,0,4.261847,0.703920
saxpy,f32,544578,1,1,0,2.412175,1.243691
saxpy,f32,544578,2,1,0,4.271760,0.702287
saxpy,f32,544578,3,1,0,4.404320,0.681149
saxpy,f32,544578,4,1,0,4.177420,0.718147
saxpy,f32,544578,5,1,0,3.061172,0.980017
saxpy,f32,544578,6,1,0,4.478757,0.669829
saxpy,f32,544578,7,1,0,3.751217,0.799741
saxpy,f32,544578,8,1,0,3.448199,0.870019
saxpy,f32,544578,9,1,0,4.524733,0.663023
saxpy,f32,544578,10,1,0,4.480894,0.669509
saxpy,f32,544578,11,1,0,4.244392,0.706815
saxpy,f32,544578,12,1,0,3.142463,0.954665
saxpy,f32,544578,13,1,0,3.599774,0.833386
saxpy,f32,544578,14,1,0,4.497937,0.666972
saxpy,f32,544578,15,1,0,4.453995,0.673553
saxpy,f32,544578,16,1,0,4.296294,0.698276
saxpy,f32,544578,17,1,0,4.278858,0.701122
saxpy,f32,544578,18,1,0,3.917215,0.765850
saxpy,f32,544578,19,1,0,4.506815,0.665659
saxpy,f32,758688,0,1,0,3.330660,0.900722
saxpy,f32,758688,1,1,0,4.126427,0.727021
saxpy,f32,758688,2,1,0,3.069176,0.977461
saxpy,f32,758688,3,1,0,4.169709,0.719475
saxpy,f32,758688,4,1,0,4.346952,0.690139
saxpy,f32,758688,5,1,0,3.946449,0.760177
saxpy,f32,758688,6,1,0,3.062807,0.979494
saxpy,f32,758688,7,1,0,3.134277,0.957158
saxpy,f32,758688,8,1,0,3.613012,0.830332
saxpy,f32,758688,9,1,0,3.219478,0.931828
saxpy,f32,758688,10,1,0,3.662511,0.819110
saxpy,f32,758688,11,1,0,3.382845,0.886827
saxpy,f32,758688,12,1,0,4.520687,0.663616
saxpy,f32,758688,13,1,0,3.505326,0.855841
saxpy,f32,758688,14,1,0,2.180018,1.376135
saxpy,f32,758688,15,1,0,3.620581,0.828596
saxpy,f32,758688,16,1,0,4.076595,0.735908
saxpy,f32,758688,17,1,0,3.616164,0.829608
saxpy,f32,758688,18,1,0,3.265469,0.918704
saxpy,f32,758688,19,1,0,4.267151,0.703045
saxpy,f32,1056978,0,1,0,3.905162,0.768214
saxpy,f32,1056978,1,1,0,4.485575,0.668811
saxpy,f32,1056978,2,1,0,3.970180,0.755633
saxpy,f32,1056978,3,1,0,4.255722,0.704933
saxpy,f32,1056978,4,1,0,2.901323,1.034011
saxpy,f32,1056978,5,1,0,3.965629,0.756500
saxpy,f32,1056978,6,1,0,3.272970,0.916599
saxpy,f32,1056978,7,1,0,4.583086,0.654581
saxpy,f32,1056978,8,1,0,3.761505,0.797553
saxpy,f32,1056978,9,1,0,4.566000,0.657030
saxpy,f32,1056978,10,1,0,2.545562,1.178522
saxpy,f32,1056978,11,1,0,3.960065,0.757563
saxpy,f32,1056978,12,1,0,4.597848,0.652479
saxpy,f32,1056978,13,1,0,4.271985,0.702250
saxpy,f32,1056978,14,1,0,4.202106,0.713928
saxpy,f32,1056978,15,1,0,4.544132,0.660192
saxpy,f32,1056978,16,1,0,2.839290,1.056602
saxpy,f32,1056978,17,1,0,3.518561,0.852621
saxpy,f32,1056978,18,1,0,4.136936,0.725174
saxpy,f32,1056978,19,1,0,2.629587,1.140863
saxpy,f32,1472547,0,1,0,3.571606,0.839958
saxpy,f32,1472547,1,1,0,4.103336,0.731112
saxpy,f32,1472547,2,1,0,3.384507,0.886392
saxpy,f32,1472547,3,1,0,3.553614,0.844211
saxpy,f32,1472547,4,1,0,3.330533,0.900757
saxpy,f32,1472547,5,1,0,3.888280,0.771549
saxpy,f32,1472547,6,1,0,4.181569,0.717434
saxpy,f32,1472547,7,1,0,3.966828,0.756272
saxpy,f32,1472547,8,1,0,3.830940,0.783098
saxpy,f32,1472547,9,1,0,2.968926,1.010467
saxpy,f32,1472547,10,1,0,2.700311,1.110983
saxpy,f32,1472547,11,1,0,2.314264,1.296308
saxpy,f32,1472547,12,1,0,2.429758,1.234691
saxpy,f32,1472547,13,1,0,3.233666,0.927740
saxpy,f32,1472547,14,1,0,3.283186,0.913747
saxpy,f32,1472547,15,1,0,3.224959,0.930244
saxpy,f32,1472547,16,1,0,2.191301,1.369050
saxpy,f32,1472547,17,1,0,3.169354,0.946565
saxpy,f32,1472547,18,1,0,1.902607,1.576784
saxpy,f32,1472547,19,1,0,2.736741,1.096194
saxpy,f32,2051504,0,1,0,2.990439,1.003197
saxpy,f32,2051504,1,1,0,2.446844,1.226069
saxpy,f32,2051504,2,1,0,3.247746,0.923718
saxpy,f32,2051504,3,1,0,2.542142,1.180107
saxpy,f32,2051504,4,1,0,2.818430,1.064422
saxpy,f32,2051504,5,1,0,2.893881,1.036670
saxpy,f32,2051504,6,1,0,2.788300,1.075924
saxpy,f32,2051504,7,1,0,3.217720,0.932337
saxpy,f32,2051504,8,1,0,3.085620,0.972252
saxpy,f32,2051504,9,1,0,2.756398,1.088377
saxpy,f32,2051504,10,1,0,2.740528,1.094680
saxpy,f32,2051504,11,1,0,3.196295,0.938587
saxpy,f32,2051504,12,1,0,3.542144,0.846945
saxpy,f32,2051504,13,1,0,3.856579,0.777892
saxpy,f32,2051504,14,1,0,3.895893,0.770042
saxpy,f32,2051504,15,1,0,2.791120,1.074837
saxpy,f32,2051504,16,1,0,2.491571,1.204060
saxpy,f32,2051504,17,1,0,3.122730,0.960698
saxpy,f32,2051504,18,1,0,3.619244,0.828902
saxpy,f32,2051504,19,1,0,4.000298,0.749944
saxpy,f32,2858088,0,1,0,2.361784,1.270226
saxpy,f32,2858088,1,1,0,3.106410,0.965745
saxpy,f32,2858088,2,1,0,2.730752,1.098599
saxpy,f32,2858088,3,1,0,2.617521,1.146123
saxpy,f32,2858088,4,1,0,3.465102,0.865775
saxpy,f32,2858088,5,1,0,2.338842,1.282686
saxpy,f32,2858088,6,1,0,2.082811,1.440361
saxpy,f32,2858088,7,1,0,2.341387,1.281292
saxpy,f32,2858088,8,1,0,3.014726,0.995115
saxpy,f32,2858088,9,1,0,2.867427,1.046234
saxpy,f32,2858088,10,1,0,2.618777,1.145573
saxpy,f32,2858088,11,1,0,2.362902,1.269625
saxpy,f32,2858088,12,1,0,2.172342,1.380998
saxpy,f32,2858088,13,1,0,2.333499,1.285623
saxpy,f32,2858088,14,1,0,2.591364,1.157691
saxpy,f32,2858088,15,1,0,2.262498,1.325968
saxpy,f32,2858088,16,1,0,2.229585,1.345542
saxpy,f32,2858088,17,1,0,2.717139,1.104102
saxpy,f32,2858088,18,1,0,2.338750,1.282736
saxpy,f32,2858088,19,1,0,2.369013,1.266350
saxpy,f32,3981793,0,1,0,1.770982,1.693976
saxpy,f32,3981793,1,1,0,2.342987,1.280417
saxpy,f32,3981793,2,1,0,2.951734,1.016352
saxpy,f32,3981793,3,1,0,2.497200,1.201346
saxpy,f32,3981793,4,1,0,2.250797,1.332861
saxpy,f32,3981793,5,1,0,2.637198,1.137571
saxpy,f32,3981793,6,1,0,2.342963,1.280430
saxpy,f32,3981793,7,1,0,2.868656,1.045786
saxpy,f32,3981793,8,1,0,2.709065,1.107393
saxpy,f32,3981793,9,1,0,2.885275,1.039762
saxpy,f32,3981793,10,1,0,2.926988,1.024944
saxpy,f32,3981793,11,1,0,2.878186,1.042323
saxpy,f32,3981793,12,1,0,2.946337,1.018214
saxpy,f32,3981793,13,1,0,3.439995,0.872094
saxpy,f32,3981793,14,1,0,3.560146,0.842662
saxpy,f32,3981793,15,1,0,2.916609,1.028592
saxpy,f32,3981793,16,1,0,3.400456,0.882235
saxpy,f32,3981793,17,1,0,2.677582,1.120414
saxpy,f32,3981793,18,1,0,1.366259,2.195778
saxpy,f32,3981793,19,1,0,2.318427,1.293981
saxpy,f32,5547302,0,1,0,2.972546,1.009236
saxpy,f32,5547302,1,1,0,3.000109,0.999964
saxpy,f32,5547302,2,1,0,2.796718,1.072686
saxpy,f32,5547302,3,1,0,2.282576,1.314304
saxpy,f32,5547302,4,1,0,2.453585,1.222700
saxpy,f32,5547302,5,1,0,2.511435,1.194536
saxpy,f32,5547302,6,1,0,2.268939,1.322204
saxpy,f32,5547302,7,1,0,2.329006,1.288103
saxpy,f32,5547302,8,1,0,2.507519,1.196402
saxpy,f32,5547302,9,1,0,2.386527,1.257057
saxpy,f32,5547302,10,1,0,2.477309,1.210991
saxpy,f32,5547302,11,1,0,1.600800,1.874063
saxpy,f32,5547302,12,1,0,1.908183,1.572176
saxpy,f32,5547302,13,1,0,2.535295,1.183294
saxpy,f32,5547302,14,1,0,2.465032,1.217023
saxpy,f32,5547302,15,1,0,2.726289,1.100397
saxpy,f32,5547302,16,1,0,2.754256,1.089224
saxpy,f32,5547302,17,1,0,2.986419,1.004548
saxpy,f32,5547302,18,1,0,2.956393,1.014750
saxpy,f32,5547302,19,1,0,2.923605,1.026130
saxpy,f32,7728318,0,1,0,2.494924,1.202441
saxpy,f32,7728318,1,1,0,2.875592,1.043263
saxpy,f32,7728318,2,1,0,2.777513,1.080103
saxpy,f32,7728318,3,1,0,2.137090,1.403778
saxpy,f32,7728318,4,1,0,2.196254,1.365962
saxpy,f32,7728318,5,1,0,1.964218,1.527325
saxpy,f32,7728318,6,1,0,1.312565,2.285601
saxpy,f32,7728318,7,1,0,2.388299,1.256124
saxpy,f32,7728318,8,1,0,2.795504,1.073152
saxpy,f32,7728318,9,1,0,2.582519,1.161656
saxpy,f32,7728318,10,1,0,1.539429,1.948775
saxpy,f32,7728318,11,1,0,2.047781,1.465000
saxpy,f32,7728318,12,1,0,2.442847,1.228075
saxpy,f32,7728318,13,1,0,2.021903,1.483751
saxpy,f32,7728318,14,1,0,2.137086,1.403780
saxpy,f32,7728318,15,1,0,2.074002,1.446479
saxpy,f32,7728318,16,1,0,2.534904,1.183477
saxpy,f32,7728318,17,1,0,2.860872,1.048631
saxpy,f32,7728318,18,1,0,2.872057,1.044548
saxpy,f32,7728318,19,1,0,3.083681,0.972863
saxpy,f32,10766836,0,1,0,2.816576,1.065123
saxpy,f32,10766836,1,1,0,2.301427,1.303539
saxpy,f32,10766836,2,1,0,2.339642,1.282248
saxpy,f32,10766836,3,1,0,2.594957,1.156089
saxpy,f32,10766836,4,1,0,2.726557,1.100289
saxpy,f32,10766836,5,1,0,2.814384,1.065953
saxpy,f32,10766836,6,1,0,3.187714,0.941113
saxpy,f32,10766836,7,1,0,3.376680,0.888447
saxpy,f32,10766836,8,1,0,2.935717,1.021897
saxpy,f32,10766836,9,1,0,3.187536,0.941166
saxpy,f32,10766836,10,1,0,2.950903,1.016638
saxpy,f32,10766836,11,1,0,2.848963,1.053015
saxpy,f32,10766836,12,1,0,3.078274,0.974572
saxpy,f32,10766836,13,1,0,2.724475,1.101129
saxpy,f32,10766836,14,1,0,2.396032,1.252070
saxpy,f32,10766836,15,1,0,3.084080,0.972737
saxpy,f32,10766836,16,1,0,2.526340,1.187489
saxpy,f32,10766836,17,1,0,2.786950,1.076446
saxpy,f32,10766836,18,1,0,2.756649,1.088278
saxpy,f32,10766836,19,1,0,2.760853,1.086621
saxpy,f32,15000000,0,1,0,2.615485,1.147015
saxpy,f32,15000000,1,1,0,2.710929,1.106632
saxpy,f32,15000000,2,1,0,2.413363,1.243079
saxpy,f32,15000000,3,1,0,2.660148,1.127757
saxpy,f32,15000000,4,1,0,3.011689,0.996119
saxpy,f32,15000000,5,1,0,2.986252,1.004604
saxpy,f32,15000000,6,1,0,2.810623,1.067379
saxpy,f32,15000000,7,1,0,3.014226,0.995280
saxpy,f32,15000000,8,1,0,3.097150,0.968633
saxpy,f32,15000000,9,1,0,3.268358,0.917892
saxpy,f32,15000000,10,1,0,2.825887,1.061614
saxpy,f32,15000000,11,1,0,2.696173,1.112688
saxpy,f32,15000000,12,1,0,3.204199,0.936271
saxpy,f32,15000000,13,1,0,3.254550,0.921787
saxpy,f32,15000000,14,1,0,3.202365,0.936808
saxpy,f32,15000000,15,1,0,2.814444,1.065930
saxpy,f32,15000000,16,1,0,2.490433,1.204610
saxpy,f32,15000000,17,1,0,2.860635,1.048718
saxpy,f32,15000000,18,1,0,2.718132,1.103699
saxpy,f32,15000000,19,1,0,2.435243,1.231910
saxpy,f32,1000,0,1,1,2.418380,1.240500
saxpy,f32,1000,1,1,1,3.552398,0.844500
saxpy,f32,1000,2,1,1,3.703704,0.810000
saxpy,f32,1000,3,1,1,3.571429,0.840000
saxpy,f32,1000,4,1,1,3.773585,0.795000
saxpy,f32,1000,5,1,1,3.773585,0.795000
saxpy,f32,1000,6,1,1,3.311258,0.906000
saxpy,f32,1000,7,1,1,3.067485,0.978000
saxpy,f32,1000,8,1,1,3.395586,0.883500
saxpy,f32,1000,9,1,1,3.305785,0.907500
saxpy,f32,1000,10,1,1,3.344482,0.897000
saxpy,f32,1000,11,1,1,3.327787,0.901500
saxpy,f32,1000,12,1,1,3.194888,0.939000
saxpy,f32,1000,13,1,1,3.787879,0.792000
saxpy,f32,1000,14,1,1,3.773585,0.795000
saxpy,f32,1000,15,1,1,3.773585,0.795000
saxpy,f32,1000,16,1,1,3.780718,0.793500
saxpy,f32,1000,17,1,1,3.636364,0.825000
saxpy,f32,1000,18,1,1,3.766478,0.796500
saxpy,f32,1000,19,1,1,3.766478,0.796500
saxpy,f32,1393,0,1,1,3.769959,0.795765
saxpy,f32,1393,1,1,1,3.853389,0.778536
saxpy,f32,1393,2,1,1,3.744624,0.801149
saxpy,f32,1393,3,1,1,3.821674,0.784996
saxpy,f32,1393,4,1,1,3.842759,0.780689
saxpy,f32,1393,5,1,1,3.864078,0.776382
saxpy,f32,1393,6,1,1,3.858726,0.777459
saxpy,f32,1393,7,1,1,3.858726,0.777459
saxpy,f32,1393,8,1,1,3.869444,0.775305
saxpy,f32,1393,9,1,1,3.869444,0.775305
saxpy,f32,1393,10,1,1,3.837466,0.781766
saxpy,f32,1393,11,1,1,3.858726,0.777459
saxpy,f32,1393,12,1,1,3.853389,0.778536
saxpy,f32,1393,13,1,1,3.848066,0.779612
saxpy,f32,1393,14,1,1,3.853389,0.778536
saxpy,f32,1393,15,1,1,3.848066,0.779612
saxpy,f32,1393,16,1,1,3.853389,0.778536
saxpy,f32,1393,17,1,1,3.858726,0.777459
saxpy,f32,1393,18,1,1,3.853389,0.778536
saxpy,f32,1393,19,1,1,3.853389,0.778536
saxpy,f32,1941,0,1,1,3.897590,0.769706
saxpy,f32,1941,1,1,1,3.937120,0.761978
saxpy,f32,1941,2,1,1,3.969325,0.755796
saxpy,f32,1941,3,1,1,3.973388,0.755023
saxpy,f32,1941,4,1,1,3.874251,0.774343
saxpy,f32,1941,5,1,1,2.039937,1.470634
saxpy,f32,1941,6,1,1,2.038866,1.471406
saxpy,f32,1941,7,1,1,2.037795,1.472179
saxpy,f32,1941,8,1,1,2.036726,1.472952
saxpy,f32,1941,9,1,1,2.032461,1.476043
saxpy,f32,1941,10,1,1,2.041009,1.469861
saxpy,f32,1941,11,1,1,2.042083,1.469088
saxpy,f32,1941,12,1,1,2.039937,1.470634
saxpy,f32,1941,13,1,1,2.042083,1.469088
saxpy,f32,1941,14,1,1,2.038866,1.471406
saxpy,f32,1941,15,1,1,2.034591,1.474498
saxpy,f32,1941,16,1,1,2.034591,1.474498
saxpy,f32,1941,17,1,1,2.039937,1.470634
saxpy,f32,1941,18,1,1,2.041009,1.469861
saxpy,f32,1941,19,1,1,2.043158,1.468315
saxpy,f32,2704,0,1,1,3.959004,0.757766
saxpy,f32,2704,1,1,1,3.997044,0.750555
saxpy,f32,2704,2,1,1,4.014848,0.747226
saxpy,f32,2704,3,1,1,4.029806,0.744453
saxpy,f32,2704,4,1,1,4.014848,0.747226
saxpy,f32,2704,5,1,1,4.032811,0.743898
saxpy,f32,2704,6,1,1,4.023810,0.745562
saxpy,f32,2704,7,1,1,4.017831,0.746672
saxpy,f32,2704,8,1,1,4.011869,0.747781
saxpy,f32,2704,9,1,1,3.991144,0.751664
saxpy,f32,2704,10,1,1,3.997044,0.750555
saxpy,f32,2704,11,1,1,4.002961,0.749445
saxpy,f32,2704,12,1,1,4.000000,0.750000
saxpy,f32,2704,13,1,1,4.014848,0.747226
saxpy,f32,2704,14,1,1,4.005926,0.748891
saxpy,f32,2704,15,1,1,4.000000,0.750000
saxpy,f32,2704,16,1,1,3.991144,0.751664
saxpy,f32,2704,17,1,1,2.051593,1.462278
saxpy,f32,2704,18,1,1,2.054711,1.460059
saxpy,f32,2704,19,1,1,2.057056,1.458395
saxpy,f32,3767,0,1,1,4.041845,0.742235
saxpy,f32,3767,1,1,1,4.048361,0.741041
saxpy,f32,3767,2,1,1,4.054898,0.739846
saxpy,f32,3767,3,1,1,4.057081,0.739448
saxpy,f32,3767,4,1,1,4.068035,0.737457
saxpy,f32,3767,5,1,1,4.061456,0.738651
saxpy,f32,3767,6,1,1,4.061456,0.738651
saxpy,f32,3767,7,1,1,4.050538,0.740642
saxpy,f32,3767,8,1,1,4.057081,0.739448
saxpy,f32,3767,9,1,1,4.061456,0.738651
saxpy,f32,3767,10,1,1,4.070232,0.737059
saxpy,f32,3767,11,1,1,4.068035,0.737457
saxpy,f32,3767,12,1,1,4.054898,0.739846
saxpy,f32,3767,13,1,1,4.054898,0.739846
saxpy,f32,3767,14,1,1,2.739636,1.095036
saxpy,f32,3767,15,1,1,2.743627,1.093443
saxpy,f32,3767,16,1,1,2.747629,1.091850
saxpy,f32,3767,17,1,1,2.742628,1.093841
saxpy,f32,3767,18,1,1,2.739636,1.095036
saxpy,f32,3767,19,1,1,2.739636,1.095036
saxpy,f32,5248,0,1,1,3.841874,0.780869
saxpy,f32,5248,1,1,1,4.032270,0.743998
saxpy,f32,5248,2,1,1,4.080871,0.735137
saxpy,f32,5248,3,1,1,4.090413,0.733422
saxpy,f32,5248,4,1,1,4.100000,0.731707
saxpy,f32,5248,5,1,1,4.088820,0.733708
saxpy,f32,5248,6,1,1,4.087227,0.733994
saxpy,f32,5248,7,1,1,4.080871,0.735137
saxpy,f32,5248,8,1,1,4.087227,0.733994
saxpy,f32,5248,9,1,1,4.096799,0.732279
saxpy,f32,5248,10,1,1,4.092008,0.733136
saxpy,f32,5248,11,1,1,2.066142,1.451982
saxpy,f32,5248,12,1,1,4.055641,0.739710
saxpy,f32,5248,13,1,1,2.070217,1.449123
saxpy,f32,5248,14,1,1,2.072670,1.447409
saxpy,f32,5248,15,1,1,2.066955,1.451410
saxpy,f32,5248,16,1,1,4.033820,0.743712
saxpy,f32,5248,17,1,1,2.057232,1.458270
saxpy,f32,5248,18,1,1,2.062488,1.454554
saxpy,f32,5248,19,1,1,2.068585,1.450267
saxpy,f32,7312,0,1,1,3.687342,0.813594
saxpy,f32,7312,1,1,1,3.894541,0.770309
saxpy,f32,7312,2,1,1,4.026432,0.745077
saxpy,f32,7312,3,1,1,4.005478,0.748974
saxpy,f32,7312,4,1,1,4.052092,0.740358
saxpy,f32,7312,5,1,1,4.067872,0.737486
saxpy,f32,7312,6,1,1,4.089485,0.733589
saxpy,f32,7312,7,1,1,4.103255,0.731127
saxpy,f32,7312,8,1,1,4.073538,0.736461
saxpy,f32,7312,9,1,1,4.089485,0.733589
saxpy,f32,7312,10,1,1,4.119437,0.728255
saxpy,f32,7312,11,1,1,4.033094,0.743846
saxpy,f32,7312,12,1,1,3.882134,0.772771
saxpy,f32,7312,13,1,1,4.105559,0.730717
saxpy,f32,7312,14,1,1,3.924852,0.764360
saxpy,f32,7312,15,1,1,4.102104,0.731332
saxpy,f32,7312,16,1,1,4.088342,0.733794
saxpy,f32,7312,17,1,1,4.076945,0.735845
saxpy,f32,7312,18,1,1,4.095211,0.732563
saxpy,f32,7312,19,1,1,4.096359,0.732358
saxpy,f32,10186,0,1,1,2.066755,1.451551
saxpy,f32,10186,1,1,1,3.714807,0.807579
saxpy,f32,10186,2,1,1,4.079295,0.735421
saxpy,f32,10186,3,1,1,3.738668,0.802425
saxpy,f32,10186,4,1,1,3.868591,0.775476
saxpy,f32,10186,5,1,1,3.935858,0.762223
saxpy,f32,10186,6,1,1,3.762142,0.797418
saxpy,f32,10186,7,1,1,4.091585,0.733212
saxpy,f32,10186,8,1,1,4.275341,0.701698
saxpy,f32,10186,9,1,1,4.146550,0.723493
saxpy,f32,10186,10,1,1,4.125557,0.727175
saxpy,f32,10186,11,1,1,4.204747,0.713479
saxpy,f32,10186,12,1,1,4.169464,0.719517
saxpy,f32,10186,13,1,1,4.290649,0.699195
saxpy,f32,10186,14,1,1,4.134768,0.725555
saxpy,f32,10186,15,1,1,4.289745,0.699342
saxpy,f32,10186,16,1,1,4.269070,0.702729
saxpy,f32,10186,17,1,1,4.284332,0.700226
saxpy,f32,10186,18,1,1,4.291553,0.699048
saxpy,f32,10186,19,1,1,4.153313,0.722315
saxpy,f32,14191,0,1,1,3.582681,0.837362
saxpy,f32,14191,1,1,1,4.024103,0.745508
saxpy,f32,14191,2,1,1,3.937023,0.761997
saxpy,f32,14191,3,1,1,4.003103,0.749419
saxpy,f32,14191,4,1,1,3.799465,0.789585
saxpy,f32,14191,5,1,1,4.323888,0.693820
saxpy,f32,14191,6,1,1,3.909905,0.767282
saxpy,f32,14191,7,1,1,3.909905,0.767282
saxpy,f32,14191,8,1,1,4.304869,0.696885
saxpy,f32,14191,9,1,1,3.999718,0.750053
saxpy,f32,14191,10,1,1,4.315341,0.695194
saxpy,f32,14191,11,1,1,4.283429,0.700373
saxpy,f32,14191,12,1,1,4.207858,0.712952
saxpy,f32,14191,13,1,1,4.332468,0.692446
saxpy,f32,14191,14,1,1,4.304216,0.696991
saxpy,f32,14191,15,1,1,3.989598,0.751955
saxpy,f32,14191,16,1,1,4.307482,0.696463
saxpy,f32,14191,17,1,1,3.957886,0.757980
saxpy,f32,14191,18,1,1,2.178204,1.377281
saxpy,f32,14191,19,1,1,2.178204,1.377281
saxpy,f32,19771,0,1,1,3.892695,0.770674
saxpy,f32,19771,1,1,1,3.742027,0.801705
saxpy,f32,19771,2,1,1,3.873249,0.774544
saxpy,f32,19771,3,1,1,3.680722,0.815057
saxpy,f32,19771,4,1,1,3.866432,0.775909
saxpy,f32,19771,5,1,1,3.831218,0.783041
saxpy,f32,19771,6,1,1,3.797369,0.790021
saxpy,f32,19771,7,1,1,4.078597,0.735547
saxpy,f32,19771,8,1,1,3.964110,0.756790
saxpy,f32,19771,9,1,1,3.797004,0.790097
saxpy,f32,19771,10,1,1,4.346230,0.690253
saxpy,f32,19771,11,1,1,3.934136,0.762556
saxpy,f32,19771,12,1,1,2.283157,1.313970
saxpy,f32,19771,13,1,1,2.283289,1.313894
saxpy,f32,19771,14,1,1,2.283025,1.314046
saxpy,f32,19771,15,1,1,2.282367,1.314425
saxpy,f32,19771,16,1,1,2.280787,1.315336
saxpy,f32,19771,17,1,1,2.265887,1.323985
saxpy,f32,19771,18,1,1,4.092951,0.732967
saxpy,f32,19771,19,1,1,4.118958,0.728339
saxpy,f32,27544,0,1,1,1.177572,2.547615
saxpy,f32,27544,1,1,1,4.086344,0.734153
saxpy,f32,27544,2,1,1,4.559510,0.657965
saxpy,f32,27544,3,1,1,4.744058,0.632370
saxpy,f32,27544,4,1,1,4.202624,0.713840
saxpy,f32,27544,5,1,1,4.752243,0.631281
saxpy,f32,27544,6,1,1,4.046423,0.741396
saxpy,f32,27544,7,1,1,4.335589,0.691947
saxpy,f32,27544,8,1,1,4.136667,0.725221
saxpy,f32,27544,9,1,1,4.271050,0.702403
saxpy,f32,27544,10,1,1,4.199101,0.714439
saxpy,f32,27544,11,1,1,4.466353,0.671689
saxpy,f32,27544,12,1,1,4.312172,0.695705
saxpy,f32,27544,13,1,1,2.286378,1.312119
saxpy,f32,27544,14,1,1,3.688023,0.813444
saxpy,f32,27544,15,1,1,3.367855,0.890775
saxpy,f32,27544,16,1,1,2.161840,1.387707
saxpy,f32,27544,17,1,1,3.246390,0.924103
saxpy,f32,27544,18,1,1,2.925389,1.025505
saxpy,f32,27544,19,1,1,4.152884,0.722390
saxpy,f32,38374,0,1,1,2.807272,1.068653
saxpy,f32,38374,1,1,1,2.863304,1.047741
saxpy,f32,38374,2,1,1,4.546952,0.659783
saxpy,f32,38374,3,1,1,4.442721,0.675262
saxpy,f32,38374,4,1,1,4.310475,0.695979
saxpy,f32,38374,5,1,1,3.956694,0.758209
saxpy,f32,38374,6,1,1,3.671450,0.817116
saxpy,f32,38374,7,1,1,4.063536,0.738273
saxpy,f32,38374,8,1,1,4.107686,0.730338
saxpy,f32,38374,9,1,1,4.312412,0.695666
saxpy,f32,38374,10,1,1,4.128234,0.726703
saxpy,f32,38374,11,1,1,4.303465,0.697113
saxpy,f32,38374,12,1,1,3.921316,0.765049
saxpy,f32,38374,13,1,1,4.431178,0.677021
saxpy,f32,38374,14,1,1,4.428365,0.677451
saxpy,f32,38374,15,1,1,4.056663,0.739524
saxpy,f32,38374,16,1,1,4.027498,0.744879
saxpy,f32,38374,17,1,1,4.173809,0.718768
saxpy,f32,38374,18,1,1,3.602178,0.832830
saxpy,f32,38374,19,1,1,2.192549,1.368270
saxpy,f32,53461,0,1,1,4.065475,0.737921
saxpy,f32,53461,1,1,1,3.854295,0.778352
saxpy,f32,53461,2,1,1,3.972138,0.755261
saxpy,f32,53461,3,1,1,4.026739,0.745020
saxpy,f32,53461,4,1,1,3.781904,0.793251
saxpy,f32,53461,5,1,1,3.872723,0.774649
saxpy,f32,53461,6,1,1,3.859443,0.777314
saxpy,f32,53461,7,1,1,3.929078,0.763538
saxpy,f32,53461,8,1,1,3.955972,0.758347
saxpy,f32,53461,9,1,1,3.861115,0.776978
saxpy,f32,53461,10,1,1,4.280990,0.700773
saxpy,f32,53461,11,1,1,4.357405,0.688483
saxpy,f32,53461,12,1,1,3.939791,0.761462
saxpy,f32,53461,13,1,1,3.953339,0.758852
saxpy,f32,53461,14,1,1,4.095216,0.732562
saxpy,f32,53461,15,1,1,3.977901,0.754167
saxpy,f32,53461,16,1,1,3.727064,0.804923
saxpy,f32,53461,17,1,1,3.745341,0.800995
saxpy,f32,53461,18,1,1,3.504490,0.856045
saxpy,f32,53461,19,1,1,3.606382,0.831859
saxpy,f32,74480,0,1,1,2.018674,1.486124
saxpy,f32,74480,1,1,1,3.656986,0.820348
saxpy,f32,74480,2,1,1,3.452544,0.868925
saxpy,f32,74480,3,1,1,3.688133,0.813420
saxpy,f32,74480,4,1,1,3.706764,0.809331
saxpy,f32,74480,5,1,1,3.886758,0.771852
saxpy,f32,74480,6,1,1,2.250899,1.332801
saxpy,f32,74480,7,1,1,3.095659,0.969099
saxpy,f32,74480,8,1,1,3.922064,0.764903
saxpy,f32,74480,9,1,1,3.935951,0.762205
saxpy,f32,74480,10,1,1,3.428545,0.875007
saxpy,f32,74480,11,1,1,3.716845,0.807136
saxpy,f32,74480,12,1,1,3.416592,0.878068
saxpy,f32,74480,13,1,1,3.280840,0.914400
saxpy,f32,74480,14,1,1,1.991950,1.506062
saxpy,f32,74480,15,1,1,1.988334,1.508801
saxpy,f32,74480,16,1,1,3.606343,0.831868
saxpy,f32,74480,17,1,1,3.649728,0.821979
saxpy,f32,74480,18,1,1,3.658962,0.819905
saxpy,f32,74480,19,1,1,3.352237,0.894925
saxpy,f32,103763,0,1,1,3.392056,0.884419
saxpy,f32,103763,1,1,1,3.608583,0.831351
saxpy,f32,103763,2,1,1,3.262680,0.919490
saxpy,f32,103763,3,1,1,3.817974,0.785757
saxpy,f32,103763,4,1,1,3.729061,0.804492
saxpy,f32,103763,5,1,1,3.585886,0.836613
saxpy,f32,103763,6,1,1,3.939370,0.761543
saxpy,f32,103763,7,1,1,3.734497,0.803321
saxpy,f32,103763,8,1,1,3.454104,0.868532
saxpy,f32,103763,9,1,1,3.649258,0.822085
saxpy,f32,103763,10,1,1,3.582977,0.837293
saxpy,f32,103763,11,1,1,3.766762,0.796440
saxpy,f32,103763,12,1,1,3.645988,0.822822
saxpy,f32,103763,13,1,1,3.821419,0.785049
saxpy,f32,103763,14,1,1,4.000039,0.749993
saxpy,f32,103763,15,1,1,3.955513,0.758435
saxpy,f32,103763,16,1,1,3.876020,0.773990
saxpy,f32,103763,17,1,1,3.225509,0.930086
saxpy,f32,103763,18,1,1,3.926178,0.764102
saxpy,f32,103763,19,1,1,3.612981,0.830339
saxpy,f32,144560,0,1,1,3.133820,0.957298
saxpy,f32,144560,1,1,1,4.065470,0.737922
saxpy,f32,144560,2,1,1,3.901544,0.768926
saxpy,f32,144560,3,1,1,2.284143,1.313403
saxpy,f32,144560,4,1,1,3.680338,0.815143
saxpy,f32,144560,5,1,1,3.999336,0.750125
saxpy,f32,144560,6,1,1,3.878255,0.773544
saxpy,f32,144560,7,1,1,3.925274,0.764278
saxpy,f32,144560,8,1,1,4.089739,0.733543
saxpy,f32,144560,9,1,1,4.166535,0.720023
saxpy,f32,144560,10,1,1,3.910726,0.767121
saxpy,f32,144560,11,1,1,2.995752,1.001418
saxpy,f32,144560,12,1,1,3.646453,0.822717
saxpy,f32,144560,13,1,1,3.710044,0.808616
saxpy,f32,144560,14,1,1,3.961688,0.757253
saxpy,f32,144560,15,1,1,3.671412,0.817124
saxpy,f32,144560,16,1,1,3.691946,0.812580
saxpy,f32,144560,17,1,1,3.572205,0.839817
saxpy,f32,144560,18,1,1,3.354683,0.894272
saxpy,f32,144560,19,1,1,3.612149,0.830531
saxpy,f32,201396,0,1,1,2.405389,1.247200
saxpy,f32,201396,1,1,1,2.422051,1.238619
saxpy,f32,201396,2,1,1,2.610295,1.149295
saxpy,f32,201396,3,1,1,1.842177,1.628508
saxpy,f32,201396,4,1,1,2.533315,1.184219
saxpy,f32,201396,5,1,1,2.596899,1.155224
saxpy,f32,201396,6,1,1,2.304381,1.301868
saxpy,f32,201396,7,1,1,2.263042,1.325649
saxpy,f32,201396,8,1,1,2.054548,1.460175
saxpy,f32,201396,9,1,1,2.170531,1.382150
saxpy,f32,201396,10,1,1,2.087481,1.437139
saxpy,f32,201396,11,1,1,1.895304,1.582859
saxpy,f32,201396,12,1,1,2.100796,1.428030
saxpy,f32,201396,13,1,1,2.237112,1.341015
saxpy,f32,201396,14,1,1,2.412246,1.243654
saxpy,f32,201396,15,1,1,2.010863,1.491897
saxpy,f32,201396,16,1,1,2.160461,1.388593
saxpy,f32,201396,17,1,1,2.087373,1.437213
saxpy,f32,201396,18,1,1,2.173494,1.380266
saxpy,f32,201396,19,1,1,1.980334,1.514896
saxpy,f32,280578,0,1,1,2.608111,1.150258
saxpy,f32,280578,1,1,1,2.573390,1.165777
saxpy,f32,280578,2,1,1,2.512463,1.194048
saxpy,f32,280578,3,1,1,2.691744,1.114519
saxpy,f32,280578,4,1,1,2.480094,1.209632
saxpy,f32,280578,5,1,1,2.453924,1.222532
saxpy,f32,280578,6,1,1,2.794950,1.073365
saxpy,f32,280578,7,1,1,2.762981,1.085784
saxpy,f32,280578,8,1,1,2.924393,1.025854
saxpy,f32,280578,9,1,1,2.845547,1.054279
saxpy,f32,280578,10,1,1,2.637941,1.137251
saxpy,f32,280578,11,1,1,1.877768,1.597641
saxpy,f32,280578,12,1,1,1.993719,1.504726
saxpy,f32,280578,13,1,1,2.775142,1.081026
saxpy,f32,280578,14,1,1,3.495167,0.858328
saxpy,f32,280578,15,1,1,4.007942,0.748514
saxpy,f32,280578,16,1,1,2.020451,1.484817
saxpy,f32,280578,17,1,1,1.617976,1.854169
saxpy,f32,280578,18,1,1,2.669858,1.123655
saxpy,f32,280578,19,1,1,2.205793,1.360055
saxpy,f32,390892,0,1,1,3.895675,0.770085
saxpy,f32,390892,1,1,1,3.800751,0.789318
saxpy,f32,390892,2,1,1,4.218494,0.711154
saxpy,f32,390892,3,1,1,3.948065,0.759866
saxpy,f32,390892,4,1,1,4.079866,0.735318
saxpy,f32,390892,5,1,1,2.393170,1.253567
saxpy,f32,390892,6,1,1,4.147285,0.723365
saxpy,f32,390892,7,1,1,4.111169,0.729719
saxpy,f32,390892,8,1,1,4.307018,0.696538
saxpy,f32,390892,9,1,1,4.382885,0.684481
saxpy,f32,390892,10,1,1,4.166226,0.720076
saxpy,f32,390892,11,1,1,3.732699,0.803708
saxpy,f32,390892,12,1,1,4.003154,0.749409
saxpy,f32,390892,13,1,1,3.982030,0.753385
saxpy,f32,390892,14,1,1,4.028963,0.744608
saxpy,f32,390892,15,1,1,3.733822,0.803466
saxpy,f32,390892,16,1,1,4.604038,0.651602
saxpy,f32,390892,17,1,1,4.245596,0.706615
saxpy,f32,390892,18,1,1,4.308489,0.696300
saxpy,f32,390892,19,1,1,3.221540,0.931232
saxpy,f32,544578,0,1,1,3.609752,0.831082
saxpy,f32,544578,1,1,1,3.808131,0.787788
saxpy,f32,544578,2,1,1,2.582977,1.161451
saxpy,f32,544578,3,1,1,2.298942,1.304948
saxpy,f32,544578,4,1,1,1.784484,1.681159
saxpy,f32,544578,5,1,1,3.497218,0.857825
saxpy,f32,544578,6,1,1,2.000514,1.499614
saxpy,f32,544578,7,1,1,2.378979,1.261045
saxpy,f32,544578,8,1,1,3.309358,0.906520
saxpy,f32,544578,9,1,1,3.204003,0.936329
saxpy,f32,544578,10,1,1,3.323070,0.902780
saxpy,f32,544578,11,1,1,3.104326,0.966393
saxpy,f32,544578,12,1,1,3.322370,0.902970
saxpy,f32,544578,13,1,1,2.899707,1.034587
saxpy,f32,544578,14,1,1,3.196424,0.938549
saxpy,f32,544578,15,1,1,3.008269,0.997251
saxpy,f32,544578,16,1,1,3.342774,0.897458
saxpy,f32,544578,17,1,1,3.224759,0.930302
saxpy,f32,544578,18,1,1,1.900617,1.578435
saxpy,f32,544578,19,1,1,2.321260,1.292402
saxpy,f32,758688,0,1,1,2.675077,1.121463
saxpy,f32,758688,1,1,1,2.684300,1.117610
saxpy,f32,758688,2,1,1,2.561651,1.171120
saxpy,f32,758688,3,1,1,3.070232,0.977125
saxpy,f32,758688,4,1,1,3.132014,0.957850
saxpy,f32,758688,5,1,1,2.721463,1.102348
saxpy,f32,758688,6,1,1,3.080247,0.973948
saxpy,f32,758688,7,1,1,2.963052,1.012470
saxpy,f32,758688,8,1,1,1.602206,1.872418
saxpy,f32,758688,9,1,1,3.207963,0.935173
saxpy,f32,758688,10,1,1,1.951627,1.537179
saxpy,f32,758688,11,1,1,2.068837,1.450090
saxpy,f32,758688,12,1,1,3.677516,0.815768
saxpy,f32,758688,13,1,1,3.407100,0.880514
saxpy,f32,758688,14,1,1,2.790125,1.075221
saxpy,f32,758688,15,1,1,3.514210,0.853677
saxpy,f32,758688,16,1,1,3.267214,0.918213
saxpy,f32,758688,17,1,1,3.635731,0.825144
saxpy,f32,758688,18,1,1,3.847722,0.779682
saxpy,f32,758688,19,1,1,4.338633,0.691462
saxpy,f32,1056978,0,1,1,2.296009,1.306615
saxpy,f32,1056978,1,1,1,3.542330,0.846900
saxpy,f32,1056978,2,1,1,3.200539,0.937342
saxpy,f32,1056978,3,1,1,3.334237,0.899756
saxpy,f32,1056978,4,1,1,3.221212,0.931326
saxpy,f32,1056978,5,1,1,2.556239,1.173599
saxpy,f32,1056978,6,1,1,3.099052,0.968038
saxpy,f32,1056978,7,1,1,3.017411,0.994230
saxpy,f32,1056978,8,1,1,3.035610,0.988269
saxpy,f32,1056978,9,1,1,2.017567,1.486940
saxpy,f32,1056978,10,1,1,3.104062,0.966476
saxpy,f32,1056978,11,1,1,3.381713,0.887124
saxpy,f32,1056978,12,1,1,3.177462,0.944150
saxpy,f32,1056978,13,1,1,3.252490,0.922370
saxpy,f32,1056978,14,1,1,3.153539,0.951312
saxpy,f32,1056978,15,1,1,3.159157,0.949621
saxpy,f32,1056978,16,1,1,2.211695,1.356426
saxpy,f32,1056978,17,1,1,3.366247,0.891200
saxpy,f32,1056978,18,1,1,3.465206,0.865749
saxpy,f32,1056978,19,1,1,3.297080,0.909896
saxpy,f32,1472547,0,1,1,2.863025,1.047843
saxpy,f32,1472547,1,1,1,3.571876,0.839895
saxpy,f32,1472547,2,1,1,3.321500,0.903206
saxpy,f32,1472547,3,1,1,3.327275,0.901639
saxpy,f32,1472547,4,1,1,3.764208,0.796980
saxpy,f32,1472547,5,1,1,3.422156,0.876640
saxpy,f32,1472547,6,1,1,3.663512,0.818886
saxpy,f32,1472547,7,1,1,2.101684,1.427427
saxpy,f32,1472547,8,1,1,3.111471,0.964174
saxpy,f32,1472547,9,1,1,3.433435,0.873761
saxpy,f32,1472547,10,1,1,3.162592,0.948589
saxpy,f32,1472547,11,1,1,3.289395,0.912022
saxpy,f32,1472547,12,1,1,3.554829,0.843922
saxpy,f32,1472547,13,1,1,2.769695,1.083152
saxpy,f32,1472547,14,1,1,1.510294,1.986369
saxpy,f32,1472547,15,1,1,3.033340,0.989009
saxpy,f32,1472547,16,1,1,2.844160,1.054793
saxpy,f32,1472547,17,1,1,2.910606,1.030713
saxpy,f32,1472547,18,1,1,2.958600,1.013993
saxpy,f32,1472547,19,1,1,3.528863,0.850132
saxpy,f32,2051504,0,1,1,3.368987,0.890475
saxpy,f32,2051504,1,1,1,3.235783,0.927133
saxpy,f32,2051504,2,1,1,3.757192,0.798469
saxpy,f32,2051504,3,1,1,3.545604,0.846118
saxpy,f32,2051504,4,1,1,3.861796,0.776841
saxpy,f32,2051504,5,1,1,4.105245,0.730772
saxpy,f32,2051504,6,1,1,2.128853,1.409210
saxpy,f32,2051504,7,1,1,3.135133,0.956897
saxpy,f32,2051504,8,1,1,1.822531,1.646062
saxpy,f32,2051504,9,1,1,3.656482,0.820461
saxpy,f32,2051504,10,1,1,3.584960,0.836829
saxpy,f32,2051504,11,1,1,4.100556,0.731608
saxpy,f32,2051504,12,1,1,1.623594,1.847752
saxpy,f32,2051504,13,1,1,1.897928,1.580672
saxpy,f32,2051504,14,1,1,2.303221,1.302524
saxpy,f32,2051504,15,1,1,3.878849,0.773425
saxpy,f32,2051504,16,1,1,3.896512,0.769919
saxpy,f32,2051504,17,1,1,2.989718,1.003439
saxpy,f32,2051504,18,1,1,2.902397,1.033628
saxpy,f32,2051504,19,1,1,3.251303,0.922707
saxpy,f32,2858088,0,1,1,3.257685,0.920899
saxpy,f32,2858088,1,1,1,3.245878,0.924249
saxpy,f32,2858088,2,1,1,3.139557,0.955549
saxpy,f32,2858088,3,1,1,3.125211,0.959935
saxpy,f32,2858088,4,1,1,3.078138,0.974615
saxpy,f32,2858088,5,1,1,3.136530,0.956471
saxpy,f32,2858088,6,1,1,2.871970,1.044579
saxpy,f32,2858088,7,1,1,2.966446,1.011311
saxpy,f32,2858088,8,1,1,2.803054,1.070261
saxpy,f32,2858088,9,1,1,2.802965,1.070295
saxpy,f32,2858088,10,1,1,2.121287,1.414236
saxpy,f32,2858088,11,1,1,2.722573,1.101899
saxpy,f32,2858088,12,1,1,2.286981,1.311773
saxpy,f32,2858088,13,1,1,1.853319,1.618717
saxpy,f32,2858088,14,1,1,1.639526,1.829797
saxpy,f32,2858088,15,1,1,1.864928,1.608641
saxpy,f32,2858088,16,1,1,2.344338,1.279679
saxpy,f32,2858088,17,1,1,3.326797,0.901768
saxpy,f32,2858088,18,1,1,2.994139,1.001958
saxpy,f32,2858088,19,1,1,2.626708,1.142114
saxpy,f32,3981793,0,1,1,2.807957,1.068392
saxpy,f32,3981793,1,1,1,2.547489,1.177630
saxpy,f32,3981793,2,1,1,2.798914,1.071844
saxpy,f32,3981793,3,1,1,2.601892,1.153007
saxpy,f32,3981793,4,1,1,2.214522,1.354694
saxpy,f32,3981793,5,1,1,2.227511,1.346795
saxpy,f32,3981793,6,1,1,2.016112,1.488013
saxpy,f32,3981793,7,1,1,1.895357,1.582815
saxpy,f32,3981793,8,1,1,2.061191,1.455469
saxpy,f32,3981793,9,1,1,2.754108,1.089282
saxpy,f32,3981793,10,1,1,2.871934,1.044592
saxpy,f32,3981793,11,1,1,2.711261,1.106496
saxpy,f32,3981793,12,1,1,2.602859,1.152579
saxpy,f32,3981793,13,1,1,2.396817,1.251660
saxpy,f32,3981793,14,1,1,2.789260,1.075554
saxpy,f32,3981793,15,1,1,2.689382,1.115498
saxpy,f32,3981793,16,1,1,2.174291,1.379760
saxpy,f32,3981793,17,1,1,2.074857,1.445883
saxpy,f32,3981793,18,1,1,2.195687,1.366315
saxpy,f32,3981793,19,1,1,3.005203,0.998269
saxpy,f32,5547302,0,1,1,2.435415,1.231823
saxpy,f32,5547302,1,1,1,2.617385,1.146182
saxpy,f32,5547302,2,1,1,2.816200,1.065265
saxpy,f32,5547302,3,1,1,1.765813,1.698934
saxpy,f32,5547302,4,1,1,2.404281,1.247774
saxpy,f32,5547302,5,1,1,2.964313,1.012039
saxpy,f32,5547302,6,1,1,2.993643,1.002124
saxpy,f32,5547302,7,1,1,3.276758,0.915539
saxpy,f32,5547302,8,1,1,2.857059,1.050031
saxpy,f32,5547302,9,1,1,3.210019,0.934574
saxpy,f32,5547302,10,1,1,3.112900,0.963731
saxpy,f32,5547302,11,1,1,3.367788,0.890792
saxpy,f32,5547302,12,1,1,3.117377,0.962348
saxpy,f32,5547302,13,1,1,3.337916,0.898764
saxpy,f32,5547302,14,1,1,3.007565,0.997485
saxpy,f32,5547302,15,1,1,3.144160,0.954150
saxpy,f32,5547302,16,1,1,2.866211,1.046678
saxpy,f32,5547302,17,1,1,2.971645,1.009542
saxpy,f32,5547302,18,1,1,2.479958,1.209698
saxpy,f32,5547302,19,1,1,3.163951,0.948181
saxpy,f32,7728318,0,1,1,2.164695,1.385877
saxpy,f32,7728318,1,1,1,3.211311,0.934198
saxpy,f32,7728318,2,1,1,2.663716,1.126246
saxpy,f32,7728318,3,1,1,2.503005,1.198559
saxpy,f32,7728318,4,1,1,3.047454,0.984428
saxpy,f32,7728318,5,1,1,3.088562,0.971326
saxpy,f32,7728318,6,1,1,3.076890,0.975010
saxpy,f32,7728318,7,1,1,2.936050,1.021781
saxpy,f32,7728318,8,1,1,2.904229,1.032977
saxpy,f32,7728318,9,1,1,3.259114,0.920496
saxpy,f32,7728318,10,1,1,3.116375,0.962657
saxpy,f32,7728318,11,1,1,3.309893,0.906374
saxpy,f32,7728318,12,1,1,2.467532,1.215790
saxpy,f32,7728318,13,1,1,3.067955,0.977850
saxpy,f32,7728318,14,1,1,3.244199,0.924727
saxpy,f32,7728318,15,1,1,3.174172,0.945128
saxpy,f32,7728318,16,1,1,3.438055,0.872586
saxpy,f32,7728318,17,1,1,3.195202,0.938908
saxpy,f32,7728318,18,1,1,3.211395,0.934173
saxpy,f32,7728318,19,1,1,3.243998,0.924785
saxpy,f32,10766836,0,1,1,3.153561,0.951306
saxpy,f32,10766836,1,1,1,2.933321,1.022732
saxpy,f32,10766836,2,1,1,2.115347,1.418207
saxpy,f32,10766836,3,1,1,2.135251,1.404987
saxpy,f32,10766836,4,1,1,2.473748,1.212735
saxpy,f32,10766836,5,1,1,1.694065,1.770888
saxpy,f32,10766836,6,1,1,2.096188,1.431169
saxpy,f32,10766836,7,1,1,2.961793,1.012900
saxpy,f32,10766836,8,1,1,3.261568,0.919803
saxpy,f32,10766836,9,1,1,3.256347,0.921278
saxpy,f32,10766836,10,1,1,3.084210,0.972696
saxpy,f32,10766836,11,1,1,3.202344,0.936814
saxpy,f32,10766836,12,1,1,2.840032,1.056326
saxpy,f32,10766836,13,1,1,2.626213,1.142329
saxpy,f32,10766836,14,1,1,3.060449,0.980248
saxpy,f32,10766836,15,1,1,2.478668,1.210328
saxpy,f32,10766836,16,1,1,2.580149,1.162723
saxpy,f32,10766836,17,1,1,2.868019,1.046018
saxpy,f32,10766836,18,1,1,2.436456,1.231297
saxpy,f32,10766836,19,1,1,2.940355,1.020285
saxpy,f32,15000000,0,1,1,3.156046,0.950557
saxpy,f32,15000000,1,1,1,3.134668,0.957039
saxpy,f32,15000000,2,1,1,2.810984,1.067242
saxpy,f32,15000000,3,1,1,2.578460,1.163485
saxpy,f32,15000000,4,1,1,2.881109,1.041266
saxpy,f32,15000000,5,1,1,3.154926,0.950894
saxpy,f32,15000000,6,1,1,2.435849,1.231603
saxpy,f32,15000000,7,1,1,3.257121,0.921059
saxpy,f32,15000000,8,1,1,2.991996,1.002675
saxpy,f32,15000000,9,1,1,2.774205,1.081391
saxpy,f32,15000000,10,1,1,3.240238,0.925858
saxpy,f32,15000000,11,1,1,2.232729,1.343647
saxpy,f32,15000000,12,1,1,2.520921,1.190041
saxpy,f32,15000000,13,1,1,3.231785,0.928279
saxpy,f32,15000000,14,1,1,2.876181,1.043050
saxpy,f32,15000000,15,1,1,2.263570,1.325340
saxpy,f32,15000000,16,1,1,3.242450,0.925226
saxpy,f32,15000000,17,1,1,2.188038,1.371092
saxpy,f32,15000000,18,1,1,2.872311,1.044455
saxpy,f32,15000000,19,1,1,3.075436,0.975471
